,datetime,futures_open,futures_close,futures_high,futures_low,ce_open,ce_close,ce_high,ce_low,pe_open,pe_close,pe_high,pe_low,ce_pnl,pe_pnl
0,2019-01-02 09:15:00,27410.3,27360.0,27430.0,27350.5,402.95,416.15,416.15,402.95,449.9,450.0,450.0,449.9,0.0,0.0
1,2019-01-02 09:16:00,27358.95,27377.1,27377.4,27349.0,416.15,416.15,416.15,404.05,450.0,447.65,459.55,447.65,0.0,0.0
2,2019-01-02 09:17:00,27379.1,27377.2,27382.7,27366.05,416.15,419.65,420.0,415.05,447.65,438.95,447.65,435.6,0.0,0.0
3,2019-01-02 09:18:00,27377.15,27397.6,27397.6,27376.0,419.65,420.15,425.55,416.0,438.95,425.0,438.95,424.75,0.0,0.0
4,2019-01-02 09:19:00,27397.35,27425.0,27430.8,27395.05,420.15,449.85,449.85,420.15,438.95,425.0,438.95,424.75,0.0,0.0
5,2019-01-02 09:20:00,27427.0,27437.9,27450.0,27424.15,449.85,455.0,455.0,449.85,438.95,425.0,438.95,424.75,0.0,0.0
6,2019-01-02 09:21:00,27436.4,27450.95,27464.0,27436.4,455.0,464.65,464.65,450.45,425.0,404.5,425.0,404.5,0.0,0.0
7,2019-01-02 09:22:00,27450.0,27437.45,27450.0,27427.7,464.65,452.4,464.65,449.05,404.5,420.0,420.0,404.5,0.0,0.0
8,2019-01-02 09:23:00,27435.7,27450.5,27451.2,27434.25,452.4,460.05,460.05,451.0,420.0,410.55,420.0,410.4,0.0,0.0
9,2019-01-02 09:24:00,27453.7,27452.3,27466.6,27450.0,460.05,458.65,465.0,458.65,410.0,412.55,412.55,410.0,0.0,0.0
10,2019-01-02 09:25:00,27450.0,27450.55,27451.85,27442.35,458.65,458.65,458.65,458.65,410.0,412.55,412.55,410.0,0.0,0.0
11,2019-01-02 09:26:00,27450.0,27459.95,27474.9,27450.0,458.65,470.85,470.85,458.65,410.0,412.55,412.55,410.0,0.0,0.0
12,2019-01-02 09:27:00,27459.25,27448.15,27459.9,27448.1,470.85,464.0,470.85,464.0,412.55,410.0,412.55,410.0,0.0,0.0
13,2019-01-02 09:28:00,27445.4,27436.2,27448.1,27433.0,464.0,459.0,464.0,459.0,412.55,410.0,412.55,410.0,0.0,0.0
14,2019-01-02 09:29:00,27436.2,27431.15,27440.0,27424.0,459.0,450.65,459.0,450.65,412.55,410.0,412.55,410.0,0.0,0.0
15,2019-01-02 09:30:00,27428.8,27430.9,27433.0,27425.1,450.65,451.6,454.0,450.65,410.0,425.0,425.0,410.0,0.0,0.0
16,2019-01-02 09:31:00,27430.9,27400.0,27434.95,27398.9,450.65,451.6,454.0,450.65,425.0,439.15,439.15,425.0,0.0,0.0
17,2019-01-02 09:32:00,27398.1,27404.25,27406.0,27390.0,451.6,435.2,451.6,430.0,439.15,432.15,439.15,429.55,0.0,0.0
18,2019-01-02 09:33:00,27404.25,27388.95,27404.25,27382.0,435.0,429.4,435.05,429.4,432.15,444.8,444.8,432.15,0.0,0.0
19,2019-01-02 09:34:00,27384.0,27396.7,27397.7,27380.0,429.4,430.0,430.0,429.0,444.8,439.4,444.8,439.4,0.0,0.0
20,2019-01-02 09:35:00,27391.35,27368.95,27393.75,27366.7,430.0,425.0,434.25,425.0,439.4,447.0,447.0,439.4,0.0,0.0
21,2019-01-02 09:36:00,27366.95,27365.8,27367.5,27350.1,420.0,418.45,420.0,415.35,447.0,448.8,455.45,447.0,0.0,0.0
22,2019-01-02 09:37:00,27366.5,27380.3,27385.3,27361.95,418.45,427.45,427.45,417.75,447.0,448.8,455.45,447.0,0.0,0.0
23,2019-01-02 09:38:00,27381.6,27372.7,27385.95,27372.0,427.45,424.0,430.7,424.0,447.0,448.8,455.45,447.0,0.0,0.0
24,2019-01-02 09:39:00,27370.0,27369.0,27372.55,27360.0,424.0,428.75,428.75,419.05,448.8,450.45,450.55,448.8,0.0,0.0
25,2019-01-02 09:40:00,27369.0,27355.0,27372.7,27355.0,428.75,425.5,428.75,421.0,450.45,454.9,454.9,450.45,0.0,0.0
26,2019-01-02 09:41:00,27359.95,27377.25,27379.0,27359.25,425.5,425.5,425.5,425.5,450.45,454.9,454.9,450.45,0.0,0.0
27,2019-01-02 09:42:00,27379.0,27393.95,27394.0,27377.35,425.5,428.1,428.1,423.5,450.45,454.9,454.9,450.45,0.0,0.0
28,2019-01-02 09:43:00,27395.0,27408.0,27408.0,27392.0,428.1,440.0,440.0,428.1,454.9,434.5,454.9,434.5,0.0,0.0
29,2019-01-02 09:44:00,27408.05,27400.0,27413.6,27397.0,440.65,440.45,442.95,435.0,437.15,437.15,437.15,437.15,0.0,0.0
30,2019-01-02 09:45:00,27400.0,27395.55,27405.0,27388.0,440.45,432.75,441.2,432.75,437.15,437.15,437.15,437.15,0.0,0.0
31,2019-01-02 09:46:00,27395.55,27397.45,27397.55,27388.55,432.75,433.65,437.8,432.15,437.15,437.15,437.15,437.15,0.0,0.0
32,2019-01-02 09:47:00,27397.55,27390.0,27405.05,27390.0,433.65,433.15,440.15,433.15,437.15,437.15,437.15,437.15,0.0,0.0
33,2019-01-02 09:48:00,27390.0,27408.0,27409.55,27390.0,433.15,437.15,437.15,432.05,437.15,445.35,445.35,437.15,0.0,0.0
34,2019-01-02 09:49:00,27410.0,27420.0,27428.6,27408.65,437.15,435.4,437.15,435.4,437.15,445.35,445.35,437.15,0.0,0.0
35,2019-01-02 09:50:00,27421.0,27421.0,27425.15,27418.55,435.4,451.8,451.8,435.4,445.35,420.0,445.35,420.0,0.0,0.0
36,2019-01-02 09:51:00,27420.95,27426.15,27427.45,27412.55,435.4,451.8,451.8,435.4,445.35,420.0,445.35,420.0,0.0,0.0
37,2019-01-02 09:52:00,27432.0,27437.3,27443.9,27432.0,451.8,451.8,451.8,451.8,420.0,415.0,420.0,415.0,0.0,0.0
38,2019-01-02 09:53:00,27437.3,27438.0,27449.95,27437.3,451.8,456.0,458.0,451.8,420.0,415.0,420.0,415.0,0.0,0.0
39,2019-01-02 09:54:00,27438.0,27444.2,27454.1,27438.0,456.0,468.0,468.0,456.0,420.0,415.0,420.0,415.0,0.0,0.0
40,2019-01-02 09:55:00,27443.8,27434.2,27445.55,27427.85,468.0,454.75,468.0,454.75,420.0,415.0,420.0,415.0,0.0,0.0
41,2019-01-02 09:56:00,27434.2,27419.0,27435.0,27415.0,468.0,454.75,468.0,454.75,415.0,430.0,430.0,415.0,0.0,0.0
42,2019-01-02 09:57:00,27424.0,27410.9,27431.15,27408.0,454.75,442.7,454.75,442.7,415.0,430.0,430.0,415.0,0.0,0.0
43,2019-01-02 09:58:00,27415.95,27428.85,27429.0,27410.0,442.7,450.3,450.3,435.0,430.0,410.2,430.0,410.2,0.0,0.0
44,2019-01-02 09:59:00,27425.05,27438.85,27440.0,27420.85,450.3,455.35,455.35,450.3,410.2,413.1,413.1,410.2,0.0,0.0
45,2019-01-02 10:00:00,27436.05,27432.65,27440.8,27432.65,450.3,455.35,455.35,450.3,413.1,420.0,420.0,413.1,0.0,0.0
46,2019-01-02 10:01:00,27432.65,27424.95,27433.2,27416.4,455.35,449.2,455.35,446.4,413.1,420.0,420.0,413.1,0.0,0.0
47,2019-01-02 10:02:00,27424.95,27419.6,27424.95,27413.45,449.2,450.8,450.8,449.2,420.0,428.0,428.05,420.0,0.0,0.0
48,2019-01-02 10:03:00,27424.95,27436.4,27437.6,27422.35,449.2,450.8,450.8,449.2,420.0,428.0,428.05,420.0,0.0,0.0
49,2019-01-02 10:04:00,27435.0,27436.0,27439.1,27427.95,449.2,450.8,450.8,449.2,420.0,428.0,428.05,420.0,0.0,0.0
50,2019-01-02 10:05:00,27436.0,27435.0,27437.0,27428.0,450.8,458.5,459.7,450.8,428.0,418.05,428.0,418.05,0.0,0.0
51,2019-01-02 10:06:00,27435.35,27433.0,27438.0,27424.95,458.5,464.5,469.6,452.35,418.05,420.35,438.0,418.05,0.0,0.0
52,2019-01-02 10:07:00,27431.25,27431.95,27435.0,27423.05,464.5,452.9,464.5,452.9,420.35,435.95,435.95,420.35,0.0,0.0
53,2019-01-02 10:08:00,27431.9,27423.0,27431.9,27419.05,464.5,452.9,464.5,452.9,435.95,435.0,435.95,435.0,0.0,0.0
54,2019-01-02 10:09:00,27423.0,27423.1,27425.0,27414.4,452.9,452.9,452.9,452.9,435.95,435.0,435.95,435.0,0.0,0.0
55,2019-01-02 10:10:00,27423.1,27434.0,27434.0,27420.05,452.9,449.1,452.95,449.1,435.95,435.0,435.95,435.0,0.0,0.0
56,2019-01-02 10:11:00,27435.0,27435.05,27440.0,27431.05,452.9,449.1,452.95,449.1,435.0,423.15,435.0,423.15,0.0,0.0
57,2019-01-02 10:12:00,27435.05,27428.05,27435.05,27425.55,449.1,454.0,454.0,449.1,423.15,425.0,425.0,423.15,0.0,0.0
58,2019-01-02 10:13:00,27435.0,27427.45,27435.0,27426.35,454.0,454.7,454.7,454.0,423.15,425.0,425.0,423.15,0.0,0.0
59,2019-01-02 10:14:00,27427.35,27429.15,27434.0,27426.05,454.0,454.7,454.7,454.0,423.15,425.0,425.0,423.15,0.0,0.0
60,2019-01-02 10:15:00,27429.1,27440.0,27440.0,27421.1,454.7,454.7,454.7,454.7,425.0,420.35,425.0,420.35,0.0,0.0
61,2019-01-02 10:16:00,27441.0,27446.2,27450.0,27441.0,454.7,461.0,461.0,454.7,420.35,422.95,422.95,420.35,0.0,0.0
62,2019-01-02 10:17:00,27446.15,27466.5,27469.95,27446.15,461.0,463.0,467.0,461.0,422.95,405.0,422.95,402.45,0.0,0.0
63,2019-01-02 10:18:00,27464.15,27493.25,27498.9,27463.3,463.0,488.1,489.7,463.0,405.0,395.0,405.0,395.0,0.0,0.0
64,2019-01-02 10:19:00,27494.85,27482.0,27509.7,27480.45,488.1,480.35,495.6,479.85,395.0,390.0,395.0,389.95,0.0,0.0
65,2019-01-02 10:20:00,27483.8,27491.2,27494.95,27483.8,480.35,485.0,485.0,480.0,390.0,399.0,399.0,390.0,0.0,0.0
66,2019-01-02 10:21:00,27491.15,27512.7,27523.0,27489.0,485.0,488.85,498.95,482.75,390.0,399.0,399.0,390.0,0.0,0.0
67,2019-01-02 10:22:00,27518.9,27504.0,27519.35,27503.95,488.85,494.25,498.95,488.85,399.0,390.0,399.0,390.0,0.0,0.0
68,2019-01-02 10:23:00,27504.0,27503.95,27507.0,27497.1,494.25,484.2,494.25,484.2,390.0,393.55,393.55,390.0,0.0,0.0
69,2019-01-02 10:24:00,27500.0,27472.85,27503.95,27472.85,484.2,480.0,486.25,480.0,393.55,408.45,408.45,393.55,0.0,0.0
70,2019-01-02 10:25:00,27475.3,27471.0,27481.0,27471.0,484.2,480.0,486.25,480.0,393.55,408.45,408.45,393.55,0.0,0.0
71,2019-01-02 10:26:00,27471.0,27477.85,27485.0,27468.0,480.0,479.95,480.0,479.95,393.55,408.45,408.45,393.55,0.0,0.0
72,2019-01-02 10:27:00,27477.85,27484.05,27489.0,27477.85,479.95,480.8,480.8,479.95,408.45,403.5,408.45,403.5,0.0,0.0
73,2019-01-02 10:28:00,27484.05,27491.85,27497.5,27480.0,480.8,483.25,483.25,476.0,408.45,403.5,408.45,403.5,0.0,0.0
74,2019-01-02 10:29:00,27491.3,27481.15,27491.3,27476.0,483.25,486.0,488.8,483.25,405.4,405.4,405.4,405.4,0.0,0.0
75,2019-01-02 10:30:00,27487.65,27476.3,27488.9,27476.0,483.25,486.0,488.8,483.25,405.4,405.4,405.4,405.4,0.0,0.0
76,2019-01-02 10:31:00,27476.0,27467.9,27482.05,27467.65,483.25,486.0,488.8,483.25,405.4,405.4,405.4,405.4,0.0,0.0
77,2019-01-02 10:32:00,27471.5,27464.0,27478.9,27459.05,486.0,470.0,486.0,470.0,405.4,405.4,405.4,405.4,0.0,0.0
78,2019-01-02 10:33:00,27464.0,27463.05,27468.4,27455.2,486.0,470.0,486.0,470.0,405.4,410.0,410.0,405.4,0.0,0.0
79,2019-01-02 10:34:00,27462.0,27468.05,27468.05,27450.1,470.0,466.5,470.0,466.5,410.0,410.45,410.45,410.0,0.0,0.0
80,2019-01-02 10:35:00,27470.0,27474.7,27475.0,27465.05,466.5,469.05,469.05,466.5,410.0,410.45,410.45,410.0,0.0,0.0
81,2019-01-02 10:36:00,27473.9,27478.95,27485.95,27471.05,469.05,478.0,478.0,469.05,410.0,410.45,410.45,410.0,0.0,0.0
82,2019-01-02 10:37:00,27478.95,27476.95,27484.2,27473.8,469.05,478.0,478.0,469.05,410.45,410.8,410.8,410.45,0.0,0.0
83,2019-01-02 10:38:00,27476.95,27460.0,27476.95,27455.7,469.05,478.0,478.0,469.05,410.45,410.8,410.8,410.45,0.0,0.0
84,2019-01-02 10:39:00,27460.0,27465.0,27469.0,27457.0,476.25,466.05,476.25,462.4,410.8,410.8,410.8,410.8,0.0,0.0
85,2019-01-02 10:40:00,27465.0,27459.1,27468.9,27456.0,476.25,466.05,476.25,462.4,410.8,410.8,410.8,410.8,0.0,0.0
86,2019-01-02 10:41:00,27459.1,27479.9,27479.9,27455.4,466.05,474.25,474.35,464.6,410.8,411.0,411.0,410.8,0.0,0.0
87,2019-01-02 10:42:00,27476.05,27478.95,27480.0,27471.3,474.25,481.4,481.4,474.25,410.8,411.0,411.0,410.8,0.0,0.0
88,2019-01-02 10:43:00,27478.95,27469.0,27480.0,27469.0,481.4,481.4,481.4,481.4,410.8,411.0,411.0,410.8,0.0,0.0
89,2019-01-02 10:44:00,27466.8,27475.55,27476.9,27466.8,481.4,481.4,481.4,481.4,410.8,411.0,411.0,410.8,0.0,0.0
90,2019-01-02 10:45:00,27475.55,27476.6,27482.0,27473.1,481.4,480.0,495.6,471.8,410.8,411.0,411.0,410.8,0.0,0.0
91,2019-01-02 10:46:00,27476.6,27469.8,27478.5,27467.9,480.0,475.25,480.0,475.25,411.0,406.75,411.0,406.75,0.0,0.0
92,2019-01-02 10:47:00,27469.8,27484.35,27484.35,27468.3,480.0,475.25,480.0,475.25,411.0,406.75,411.0,406.75,0.0,0.0
93,2019-01-02 10:48:00,27481.35,27490.25,27493.0,27481.35,480.0,475.25,480.0,475.25,406.75,400.0,406.75,400.0,0.0,0.0
94,2019-01-02 10:49:00,27489.95,27499.8,27499.8,27482.0,480.0,475.25,480.0,475.25,406.75,400.0,406.75,400.0,0.0,0.0
95,2019-01-02 10:50:00,27499.8,27499.0,27500.0,27489.1,475.25,493.55,493.55,475.25,400.0,397.55,400.0,397.55,0.0,0.0
96,2019-01-02 10:51:00,27500.0,27496.1,27504.7,27496.1,493.55,493.6,493.6,493.55,397.55,395.9,397.55,395.9,0.0,0.0
97,2019-01-02 10:52:00,27496.05,27493.55,27503.0,27492.55,493.55,493.6,493.6,493.55,397.55,395.9,397.55,395.9,0.0,0.0
98,2019-01-02 10:53:00,27495.55,27498.95,27503.6,27491.3,493.6,488.6,493.6,488.6,397.55,395.9,397.55,395.9,0.0,0.0
99,2019-01-02 10:54:00,27498.95,27492.2,27500.0,27491.05,493.6,488.6,493.6,488.6,397.55,395.9,397.55,395.9,0.0,0.0
100,2019-01-02 10:55:00,27492.2,27486.9,27492.2,27486.05,493.6,488.6,493.6,488.6,397.55,395.9,397.55,395.9,0.0,0.0
101,2019-01-02 10:56:00,27487.0,27488.0,27493.9,27485.7,493.6,488.6,493.6,488.6,397.55,395.9,397.55,395.9,0.0,0.0
102,2019-01-02 10:57:00,27487.05,27486.1,27487.05,27478.0,493.6,488.6,493.6,488.6,397.55,395.9,397.55,395.9,0.0,0.0
103,2019-01-02 10:58:00,27483.2,27491.05,27491.05,27481.4,493.6,488.6,493.6,488.6,397.55,395.9,397.55,395.9,0.0,0.0
104,2019-01-02 10:59:00,27491.05,27487.7,27491.1,27484.15,493.6,488.6,493.6,488.6,397.55,395.9,397.55,395.9,0.0,0.0
105,2019-01-02 11:00:00,27487.45,27496.8,27501.95,27487.45,493.6,488.6,493.6,488.6,395.9,393.0,395.9,393.0,0.0,0.0
106,2019-01-02 11:01:00,27496.8,27491.0,27499.7,27490.05,488.6,488.55,488.6,488.55,395.9,393.0,395.9,393.0,0.0,0.0
107,2019-01-02 11:02:00,27491.0,27483.0,27491.0,27481.2,488.6,488.55,488.6,488.55,395.9,393.0,395.9,393.0,0.0,0.0
108,2019-01-02 11:03:00,27483.0,27487.0,27487.95,27480.0,488.6,488.55,488.6,488.55,395.9,393.0,395.9,393.0,0.0,0.0
109,2019-01-02 11:04:00,27487.0,27489.85,27494.55,27484.95,488.6,488.55,488.6,488.55,395.9,393.0,395.9,393.0,0.0,0.0
110,2019-01-02 11:05:00,27489.8,27498.15,27500.0,27486.4,488.55,488.55,488.55,487.65,395.9,393.0,395.9,393.0,0.0,0.0
111,2019-01-02 11:06:00,27498.15,27506.95,27506.95,27498.15,488.55,493.5,493.5,488.55,393.0,391.1,393.0,391.1,0.0,0.0
112,2019-01-02 11:07:00,27509.95,27500.35,27509.95,27498.05,493.5,488.5,493.5,488.5,391.1,391.0,391.1,391.0,0.0,0.0
113,2019-01-02 11:08:00,27500.35,27494.2,27500.35,27490.0,488.5,488.35,488.5,488.35,391.1,391.0,391.1,391.0,0.0,0.0
114,2019-01-02 11:09:00,27496.9,27488.75,27496.9,27486.25,488.5,488.35,488.5,488.35,391.1,391.0,391.1,391.0,0.0,0.0
115,2019-01-02 11:10:00,27486.25,27484.05,27487.05,27481.55,488.5,488.35,488.5,488.35,391.1,391.0,391.1,391.0,0.0,0.0
116,2019-01-02 11:11:00,27484.05,27488.65,27492.1,27484.0,488.5,488.35,488.5,488.35,391.0,401.9,401.9,391.0,0.0,0.0
117,2019-01-02 11:12:00,27488.65,27482.0,27488.65,27482.0,488.5,488.35,488.5,488.35,391.0,401.9,401.9,391.0,0.0,0.0
118,2019-01-02 11:13:00,27481.2,27477.5,27485.0,27476.1,488.5,488.35,488.5,488.35,391.0,401.9,401.9,391.0,0.0,0.0
119,2019-01-02 11:14:00,27477.5,27477.85,27480.0,27476.0,488.5,488.35,488.5,488.35,391.0,401.9,401.9,391.0,0.0,0.0
120,2019-01-02 11:15:00,27476.0,27485.6,27490.0,27476.0,488.35,478.5,488.35,478.5,401.9,389.5,401.9,389.5,0.0,0.0
121,2019-01-02 11:16:00,27485.6,27474.6,27485.6,27474.0,488.35,478.5,488.35,478.5,401.9,389.5,401.9,389.5,0.0,0.0
122,2019-01-02 11:17:00,27475.0,27469.0,27475.0,27464.0,478.5,473.0,478.5,473.0,401.9,389.5,401.9,389.5,0.0,0.0
123,2019-01-02 11:18:00,27468.7,27475.0,27475.0,27460.0,473.0,470.0,473.0,470.0,389.5,408.0,408.0,389.5,0.0,0.0
124,2019-01-02 11:19:00,27475.15,27475.0,27479.0,27470.0,473.0,470.0,473.0,470.0,389.5,408.0,408.0,389.5,0.0,0.0
125,2019-01-02 11:20:00,27475.0,27472.75,27476.85,27469.25,473.0,470.0,473.0,470.0,389.5,408.0,408.0,389.5,0.0,0.0
126,2019-01-02 11:21:00,27472.75,27480.0,27481.95,27471.05,470.0,471.35,471.35,470.0,408.0,393.85,408.0,393.85,0.0,0.0
127,2019-01-02 11:22:00,27480.0,27480.6,27483.5,27478.0,470.0,471.35,471.35,470.0,408.0,393.85,408.0,393.85,0.0,0.0
128,2019-01-02 11:23:00,27480.25,27480.0,27480.65,27475.3,471.35,485.55,485.55,471.35,408.0,393.85,408.0,393.85,0.0,0.0
129,2019-01-02 11:24:00,27480.0,27480.95,27480.95,27475.0,471.35,485.55,485.55,471.35,408.0,393.85,408.0,393.85,0.0,0.0
130,2019-01-02 11:25:00,27480.95,27477.9,27483.1,27475.05,471.35,485.55,485.55,471.35,393.85,408.2,408.2,393.85,0.0,0.0
131,2019-01-02 11:26:00,27477.3,27479.55,27479.8,27473.35,471.35,485.55,485.55,471.35,393.85,408.2,408.2,393.85,0.0,0.0
132,2019-01-02 11:27:00,27479.55,27476.05,27482.5,27474.05,471.35,485.55,485.55,471.35,393.85,408.2,408.2,393.85,0.0,0.0
133,2019-01-02 11:28:00,27476.05,27459.05,27478.55,27458.0,485.55,470.0,485.55,470.0,408.2,410.0,410.0,407.0,0.0,0.0
134,2019-01-02 11:29:00,27462.0,27464.3,27469.0,27462.0,485.55,470.0,485.55,470.0,408.2,410.0,410.0,407.0,0.0,0.0
135,2019-01-02 11:30:00,27464.3,27469.05,27472.0,27464.3,485.55,470.0,485.55,470.0,408.2,410.0,410.0,407.0,0.0,0.0
136,2019-01-02 11:31:00,27469.05,27472.0,27477.5,27469.05,485.55,470.0,485.55,470.0,408.2,410.0,410.0,407.0,0.0,0.0
137,2019-01-02 11:32:00,27472.05,27485.0,27485.0,27469.05,485.55,470.0,485.55,470.0,410.0,403.0,410.0,403.0,0.0,0.0
138,2019-01-02 11:33:00,27485.0,27484.85,27486.0,27475.05,470.0,479.0,479.0,470.0,410.0,403.0,410.0,403.0,0.0,0.0
139,2019-01-02 11:34:00,27484.6,27478.95,27485.0,27478.3,470.0,479.0,479.0,470.0,410.0,403.0,410.0,403.0,0.0,0.0
140,2019-01-02 11:35:00,27479.95,27480.0,27481.05,27470.65,479.0,478.0,479.0,478.0,410.0,403.0,410.0,403.0,0.0,0.0
141,2019-01-02 11:36:00,27480.0,27483.0,27488.85,27479.55,478.0,480.0,480.0,478.0,403.0,401.7,403.0,401.7,0.0,0.0
142,2019-01-02 11:37:00,27483.0,27484.95,27485.0,27477.55,478.0,480.0,480.0,478.0,403.0,401.7,403.0,401.7,0.0,0.0
143,2019-01-02 11:38:00,27482.1,27484.45,27490.0,27482.0,478.0,480.0,480.0,478.0,401.7,400.6,401.7,400.6,0.0,0.0
144,2019-01-02 11:39:00,27484.45,27494.0,27494.0,27481.8,478.0,480.0,480.0,478.0,401.7,400.6,401.7,400.6,0.0,0.0
145,2019-01-02 11:40:00,27494.0,27499.0,27499.0,27486.0,478.0,480.0,480.0,478.0,401.7,400.6,401.7,400.6,0.0,0.0
146,2019-01-02 11:41:00,27499.0,27496.9,27499.9,27493.25,480.0,485.0,488.0,480.0,400.6,394.0,400.6,394.0,0.0,0.0
147,2019-01-02 11:42:00,27496.9,27490.0,27497.0,27488.1,485.0,484.95,485.0,484.95,400.6,394.0,400.6,394.0,0.0,0.0
148,2019-01-02 11:43:00,27490.0,27489.45,27490.9,27482.55,484.95,480.25,484.95,480.15,400.6,394.0,400.6,394.0,0.0,0.0
149,2019-01-02 11:44:00,27485.15,27485.0,27485.15,27482.0,480.25,480.1,480.25,480.1,400.6,394.0,400.6,394.0,0.0,0.0
150,2019-01-02 11:45:00,27485.0,27477.55,27485.0,27477.55,480.25,480.1,480.25,480.1,394.0,400.0,400.0,394.0,0.0,0.0
151,2019-01-02 11:46:00,27477.5,27474.8,27480.0,27466.8,480.1,480.0,480.1,480.0,394.0,400.0,400.0,394.0,0.0,0.0
152,2019-01-02 11:47:00,27475.25,27472.0,27478.75,27472.0,480.0,475.05,480.0,475.05,394.0,400.0,400.0,394.0,0.0,0.0
153,2019-01-02 11:48:00,27468.0,27470.85,27474.0,27468.0,480.0,475.05,480.0,475.05,394.0,400.0,400.0,394.0,0.0,0.0
154,2019-01-02 11:49:00,27470.05,27473.6,27473.95,27465.0,475.05,474.0,475.05,474.0,400.0,410.0,410.0,400.0,0.0,0.0
155,2019-01-02 11:50:00,27473.6,27470.4,27473.6,27461.15,475.05,474.0,475.05,474.0,410.0,410.0,414.5,410.0,0.0,0.0
156,2019-01-02 11:51:00,27470.4,27470.0,27471.9,27464.6,475.05,474.0,475.05,474.0,410.0,410.0,410.0,410.0,0.0,0.0
157,2019-01-02 11:52:00,27470.0,27462.35,27475.0,27462.35,475.05,474.0,475.05,474.0,410.0,404.35,410.0,404.35,0.0,0.0
158,2019-01-02 11:53:00,27465.3,27472.2,27475.0,27465.3,475.05,474.0,475.05,474.0,410.0,404.35,410.0,404.35,0.0,0.0
159,2019-01-02 11:54:00,27473.15,27475.05,27475.05,27467.1,475.05,474.0,475.05,474.0,410.0,404.35,410.0,404.35,0.0,0.0
160,2019-01-02 11:55:00,27475.05,27476.0,27476.0,27469.95,475.05,474.0,475.05,474.0,404.35,411.95,411.95,404.35,0.0,0.0
161,2019-01-02 11:56:00,27476.0,27475.1,27479.95,27472.55,475.05,474.0,475.05,474.0,404.35,411.95,411.95,404.35,0.0,0.0
162,2019-01-02 11:57:00,27475.1,27480.0,27480.0,27473.95,474.0,473.75,474.0,473.75,411.95,404.35,411.95,404.35,0.0,0.0
163,2019-01-02 11:58:00,27480.0,27488.0,27489.0,27480.0,473.75,480.0,480.0,473.75,411.95,404.35,411.95,404.35,0.0,0.0
164,2019-01-02 11:59:00,27488.0,27480.1,27490.0,27480.0,480.0,474.85,485.05,474.85,411.95,404.35,411.95,404.35,0.0,0.0
165,2019-01-02 12:00:00,27480.1,27485.1,27490.0,27480.1,480.0,474.85,485.05,474.85,404.35,395.0,404.35,395.0,0.0,0.0
166,2019-01-02 12:01:00,27485.1,27488.0,27493.95,27485.1,480.0,474.85,485.05,474.85,395.0,395.0,395.0,395.0,0.0,0.0
167,2019-01-02 12:02:00,27488.0,27487.05,27488.05,27480.15,480.0,474.85,485.05,474.85,395.0,395.0,395.0,395.0,0.0,0.0
168,2019-01-02 12:03:00,27487.05,27485.8,27487.05,27481.25,480.0,474.85,485.05,474.85,395.0,395.15,395.15,395.0,0.0,0.0
169,2019-01-02 12:04:00,27485.8,27470.0,27485.95,27470.0,480.0,474.85,485.05,474.85,395.1,395.1,395.1,395.1,0.0,0.0
170,2019-01-02 12:05:00,27470.95,27465.5,27471.95,27463.65,474.85,470.0,474.85,468.05,395.1,400.0,400.0,395.1,0.0,0.0
171,2019-01-02 12:06:00,27465.5,27470.0,27477.65,27465.5,474.85,470.0,474.85,468.05,395.1,400.0,400.0,395.1,0.0,0.0
172,2019-01-02 12:07:00,27466.1,27478.0,27478.65,27466.0,474.85,470.0,474.85,468.05,395.1,400.0,400.0,395.1,0.0,0.0
173,2019-01-02 12:08:00,27478.0,27484.0,27485.9,27475.0,474.85,470.0,474.85,468.05,395.1,400.0,400.0,395.1,0.0,0.0
174,2019-01-02 12:09:00,27483.95,27482.0,27484.65,27475.45,474.85,470.0,474.85,468.05,395.1,400.0,400.0,395.1,0.0,0.0
175,2019-01-02 12:10:00,27482.0,27475.25,27484.5,27474.95,474.85,470.0,474.85,468.05,400.0,401.25,401.25,400.0,0.0,0.0
176,2019-01-02 12:11:00,27474.05,27477.95,27482.65,27474.05,470.0,470.95,470.95,470.0,400.0,401.25,401.25,400.0,0.0,0.0
177,2019-01-02 12:12:00,27477.95,27471.0,27477.95,27471.0,470.0,470.95,470.95,470.0,400.0,401.25,401.25,400.0,0.0,0.0
178,2019-01-02 12:13:00,27473.95,27478.35,27479.95,27473.95,470.0,470.95,470.95,470.0,401.25,402.6,402.6,401.25,0.0,0.0
179,2019-01-02 12:14:00,27480.0,27487.15,27489.0,27480.0,470.95,485.7,485.7,470.95,401.25,402.6,402.6,401.25,0.0,0.0
180,2019-01-02 12:15:00,27487.1,27479.95,27487.1,27478.05,470.95,485.7,485.7,470.95,401.25,402.6,402.6,401.25,0.0,0.0
181,2019-01-02 12:16:00,27479.95,27478.0,27482.25,27478.0,470.95,485.7,485.7,470.95,401.25,402.6,402.6,401.25,0.0,0.0
182,2019-01-02 12:17:00,27481.2,27482.0,27482.0,27478.3,470.95,485.7,485.7,470.95,402.6,401.15,402.6,401.15,0.0,0.0
183,2019-01-02 12:18:00,27483.45,27481.1,27484.75,27479.0,470.95,485.7,485.7,470.95,402.6,401.15,402.6,401.15,0.0,0.0
184,2019-01-02 12:19:00,27481.1,27477.05,27481.1,27475.75,485.7,484.95,485.7,484.95,400.0,400.0,400.0,400.0,0.0,0.0
185,2019-01-02 12:20:00,27478.0,27470.1,27478.0,27466.6,485.7,484.95,485.7,484.95,400.0,400.0,400.0,400.0,0.0,0.0
186,2019-01-02 12:21:00,27470.1,27407.25,27470.1,27402.25,484.95,445.25,484.95,445.25,400.0,434.75,434.75,400.0,0.0,0.0
187,2019-01-02 12:22:00,27410.25,27391.95,27418.95,27390.5,445.25,440.0,445.25,438.15,434.75,436.9,436.9,425.15,0.0,0.0
188,2019-01-02 12:23:00,27391.65,27415.9,27415.9,27390.5,440.0,455.95,455.95,435.55,436.9,435.0,437.85,435.0,0.0,0.0
189,2019-01-02 12:24:00,27415.9,27410.0,27417.0,27400.0,445.1,442.65,445.75,440.05,435.0,437.0,437.0,435.0,0.0,0.0
190,2019-01-02 12:25:00,27408.1,27425.6,27425.6,27405.0,442.65,440.65,442.65,440.65,435.0,437.0,437.0,435.0,0.0,0.0
191,2019-01-02 12:26:00,27424.1,27405.6,27424.1,27402.0,440.65,445.3,445.3,440.65,435.0,437.0,437.0,435.0,0.0,0.0
192,2019-01-02 12:27:00,27405.85,27382.0,27405.85,27380.35,445.3,431.0,445.3,431.0,437.0,437.0,437.0,437.0,0.0,0.0
193,2019-01-02 12:28:00,27383.85,27389.9,27405.0,27382.05,431.0,431.0,431.0,431.0,437.0,437.0,437.0,437.0,0.0,0.0
194,2019-01-02 12:29:00,27384.95,27377.15,27390.0,27372.4,431.0,430.55,431.0,426.55,437.0,449.0,449.0,437.0,0.0,0.0
195,2019-01-02 12:30:00,27379.65,27378.15,27380.0,27361.5,430.55,421.0,430.55,421.0,449.0,441.35,455.0,441.35,0.0,0.0
196,2019-01-02 12:31:00,27381.95,27389.05,27394.35,27379.2,421.0,436.85,436.85,421.0,449.0,441.35,455.0,441.35,0.0,0.0
197,2019-01-02 12:32:00,27389.4,27393.35,27393.35,27380.0,421.0,436.85,436.85,421.0,449.0,441.35,455.0,441.35,0.0,0.0
198,2019-01-02 12:33:00,27393.35,27404.5,27404.5,27390.0,436.85,435.0,436.85,435.0,449.0,441.35,455.0,441.35,0.0,0.0
199,2019-01-02 12:34:00,27403.25,27393.1,27403.25,27390.0,436.85,435.0,436.85,435.0,449.0,441.35,455.0,441.35,0.0,0.0
200,2019-01-02 12:35:00,27390.0,27391.05,27397.95,27380.0,435.0,436.0,436.0,435.0,449.0,441.35,455.0,441.35,0.0,0.0
201,2019-01-02 12:36:00,27391.05,27379.05,27391.05,27375.4,436.0,432.0,436.0,432.0,449.0,441.35,455.0,441.35,0.0,0.0
202,2019-01-02 12:37:00,27380.0,27381.65,27388.95,27375.0,432.0,432.95,432.95,432.0,441.35,450.0,450.0,441.35,0.0,0.0
203,2019-01-02 12:38:00,27381.25,27387.25,27387.25,27376.0,432.95,428.15,432.95,428.15,450.0,448.5,450.0,448.5,0.0,0.0
204,2019-01-02 12:39:00,27383.55,27388.0,27388.05,27377.0,428.15,428.1,428.15,428.1,448.5,450.0,450.0,448.5,0.0,0.0
205,2019-01-02 12:40:00,27389.0,27379.05,27393.8,27378.0,428.1,433.6,438.55,428.1,448.5,450.0,450.0,448.5,0.0,0.0
206,2019-01-02 12:41:00,27380.0,27380.0,27390.0,27378.05,433.6,430.55,433.6,430.55,450.0,450.0,450.0,450.0,0.0,0.0
207,2019-01-02 12:42:00,27380.0,27347.55,27382.6,27334.05,430.55,414.0,433.45,414.0,450.0,469.1,469.1,450.0,0.0,9.550000000000011
208,2019-01-02 12:43:00,27344.85,27337.05,27356.5,27336.6,414.0,413.55,421.05,413.55,469.1,469.1,469.1,469.1,0.0,9.550000000000011
209,2019-01-02 12:44:00,27336.4,27337.0,27349.7,27325.7,413.55,414.8,414.85,410.0,469.1,475.95,475.95,469.1,0.0,16.399999999999977
210,2019-01-02 12:45:00,27331.7,27290.0,27333.7,27277.4,414.8,395.15,414.8,390.8,475.95,476.1,491.85,474.85,0.0,16.55000000000001
211,2019-01-02 12:46:00,27280.9,27285.1,27290.0,27268.7,395.15,385.0,395.15,382.95,476.1,499.75,499.75,476.1,0.0,40.19999999999999
212,2019-01-02 12:47:00,27288.65,27299.85,27305.0,27286.1,385.0,395.05,411.9,385.0,499.75,485.0,499.8,485.0,0.0,25.44999999999999
213,2019-01-02 12:48:00,27300.0,27309.0,27314.0,27292.95,395.05,400.05,400.05,395.05,485.0,481.9,485.0,481.9,0.0,22.349999999999966
214,2019-01-02 12:49:00,27302.5,27297.0,27309.3,27292.7,400.0,400.0,400.0,400.0,481.9,490.25,490.25,481.9,0.0,30.69999999999999
215,2019-01-02 12:50:00,27298.9,27307.95,27310.35,27288.0,400.0,400.0,400.0,400.0,481.9,490.25,490.25,481.9,0.0,30.69999999999999
216,2019-01-02 12:51:00,27310.0,27314.5,27315.0,27305.05,400.0,408.45,408.45,398.35,481.9,490.25,490.25,481.9,0.0,30.69999999999999
217,2019-01-02 12:52:00,27314.5,27325.35,27337.9,27314.5,408.45,414.0,414.0,408.45,490.25,471.0,490.25,471.0,0.0,11.449999999999989
218,2019-01-02 12:53:00,27327.95,27315.0,27327.95,27310.2,409.0,408.95,409.0,406.0,471.0,471.0,471.0,471.0,0.0,11.449999999999989
219,2019-01-02 12:54:00,27312.1,27320.0,27320.0,27306.7,409.0,408.95,409.0,406.0,471.0,490.4,490.4,471.0,0.0,30.849999999999966
220,2019-01-02 12:55:00,27318.0,27306.05,27321.0,27306.0,409.0,408.95,409.0,406.0,471.0,490.4,490.4,471.0,0.0,30.849999999999966
221,2019-01-02 12:56:00,27306.05,27311.45,27317.4,27302.0,408.95,402.9,408.95,402.9,488.75,488.75,488.75,488.75,0.0,29.19999999999999
222,2019-01-02 12:57:00,27315.0,27328.0,27330.0,27312.05,402.9,412.35,412.35,402.9,488.75,475.35,488.75,475.35,0.0,15.800000000000011
223,2019-01-02 12:58:00,27328.0,27319.95,27338.0,27319.95,412.35,407.35,413.45,407.35,488.75,475.35,488.75,475.35,0.0,15.800000000000011
224,2019-01-02 12:59:00,27319.95,27317.1,27325.05,27312.0,412.35,407.35,413.45,407.35,488.75,475.35,488.75,475.35,0.0,15.800000000000011
225,2019-01-02 13:00:00,27319.0,27316.85,27319.0,27308.0,412.35,407.35,413.45,407.35,488.75,475.35,488.75,475.35,0.0,15.800000000000011
226,2019-01-02 13:01:00,27316.85,27311.0,27325.0,27311.0,407.35,407.35,407.35,407.35,488.75,475.35,488.75,475.35,0.0,15.800000000000011
227,2019-01-02 13:02:00,27311.0,27308.0,27311.0,27296.65,407.35,399.2,407.35,393.9,475.35,499.2,499.2,475.35,0.0,39.64999999999998
228,2019-01-02 13:03:00,27306.4,27312.65,27315.95,27306.1,399.2,400.0,400.0,399.2,499.2,496.75,499.2,496.75,0.0,37.19999999999999
229,2019-01-02 13:04:00,27312.65,27305.0,27312.85,27296.1,399.2,400.0,400.0,399.2,496.75,484.45,496.75,484.45,0.0,24.899999999999977
230,2019-01-02 13:05:00,27307.0,27317.05,27322.5,27299.95,400.0,405.0,405.0,400.0,496.75,484.45,496.75,484.45,0.0,24.899999999999977
231,2019-01-02 13:06:00,27317.15,27330.0,27330.0,27314.95,400.0,405.0,405.0,400.0,496.75,484.45,496.75,484.45,0.0,24.899999999999977
232,2019-01-02 13:07:00,27329.95,27318.1,27335.0,27318.1,400.0,405.0,405.0,400.0,496.75,484.45,496.75,484.45,0.0,24.899999999999977
233,2019-01-02 13:08:00,27318.1,27329.45,27330.05,27318.1,400.0,405.0,405.0,400.0,484.45,471.6,484.45,471.6,0.0,12.050000000000011
234,2019-01-02 13:09:00,27329.45,27318.0,27333.0,27315.0,400.0,405.0,405.0,400.0,484.45,471.6,484.45,471.6,0.0,12.050000000000011
235,2019-01-02 13:10:00,27318.0,27310.0,27324.8,27306.55,405.0,404.0,405.45,404.0,484.45,471.6,484.45,471.6,0.0,12.050000000000011
236,2019-01-02 13:11:00,27308.0,27317.75,27320.0,27307.5,405.0,404.0,405.45,404.0,484.45,471.6,484.45,471.6,0.0,12.050000000000011
237,2019-01-02 13:12:00,27317.75,27325.25,27325.3,27310.0,404.0,405.2,405.2,404.0,471.6,483.0,483.05,471.6,0.0,23.44999999999999
238,2019-01-02 13:13:00,27325.3,27318.95,27330.0,27318.7,404.0,405.2,405.2,404.0,471.6,483.0,483.05,471.6,0.0,23.44999999999999
239,2019-01-02 13:14:00,27318.95,27311.0,27324.95,27311.0,404.0,405.2,405.2,404.0,471.6,483.0,483.05,471.6,0.0,23.44999999999999
240,2019-01-02 13:15:00,27311.0,27307.4,27315.0,27307.4,405.2,403.85,405.2,403.85,471.6,483.0,483.05,471.6,0.0,23.44999999999999
241,2019-01-02 13:16:00,27308.0,27311.45,27315.0,27304.85,405.2,403.85,405.2,403.85,471.6,483.0,483.05,471.6,0.0,23.44999999999999
242,2019-01-02 13:17:00,27311.45,27306.95,27321.8,27306.95,405.2,403.85,405.2,403.85,471.6,483.0,483.05,471.6,0.0,23.44999999999999
243,2019-01-02 13:18:00,27305.35,27315.0,27317.45,27305.0,405.2,403.85,405.2,403.85,471.6,483.0,483.05,471.6,0.0,23.44999999999999
244,2019-01-02 13:19:00,27319.9,27303.05,27320.6,27300.0,403.85,400.0,403.85,400.0,471.6,483.0,483.05,471.6,0.0,23.44999999999999
245,2019-01-02 13:20:00,27305.0,27308.65,27315.0,27303.0,403.85,400.0,403.85,400.0,471.6,483.0,483.05,471.6,0.0,23.44999999999999
246,2019-01-02 13:21:00,27310.0,27287.05,27310.0,27285.15,400.0,392.05,400.0,392.0,471.6,483.0,483.05,471.6,0.0,23.44999999999999
247,2019-01-02 13:22:00,27285.05,27255.25,27287.9,27254.0,392.05,380.0,392.05,380.0,483.0,505.0,510.0,483.0,0.0,45.44999999999999
248,2019-01-02 13:23:00,27253.0,27264.6,27270.0,27242.25,380.0,384.0,384.0,374.5,505.0,520.55,520.55,505.0,0.0,60.99999999999994
249,2019-01-02 13:24:00,27260.0,27275.0,27278.15,27255.65,384.0,395.8,395.8,379.0,520.55,499.25,520.55,499.25,0.0,39.69999999999999
250,2019-01-02 13:25:00,27275.0,27273.95,27278.0,27266.85,395.8,381.9,395.8,381.9,520.55,499.25,520.55,499.25,0.0,39.69999999999999
251,2019-01-02 13:26:00,27272.0,27282.85,27283.9,27263.0,395.8,381.9,395.8,381.9,520.55,499.25,520.55,499.25,0.0,39.69999999999999
252,2019-01-02 13:27:00,27282.85,27290.0,27294.35,27277.2,395.8,381.9,395.8,381.9,520.55,499.25,520.55,499.25,0.0,39.69999999999999
253,2019-01-02 13:28:00,27290.0,27276.85,27290.0,27274.95,381.9,385.1,385.1,381.9,520.55,499.25,520.55,499.25,0.0,39.69999999999999
254,2019-01-02 13:29:00,27276.0,27276.8,27276.8,27269.25,385.1,384.0,385.1,384.0,520.55,499.25,520.55,499.25,0.0,39.69999999999999
255,2019-01-02 13:30:00,27272.0,27275.0,27278.0,27268.55,384.0,384.0,384.0,384.0,520.55,499.25,520.55,499.25,0.0,39.69999999999999
256,2019-01-02 13:31:00,27274.05,27270.0,27278.0,27266.7,384.0,384.0,384.0,384.0,520.55,499.25,520.55,499.25,0.0,39.69999999999999
257,2019-01-02 13:32:00,27269.1,27263.95,27275.05,27257.4,384.0,380.0,384.0,380.0,499.25,521.2,521.2,499.25,0.0,61.650000000000034
258,2019-01-02 13:33:00,27262.0,27264.9,27265.2,27255.2,384.0,380.0,384.0,380.0,521.2,512.0,521.2,512.0,0.0,52.44999999999999
259,2019-01-02 13:34:00,27268.7,27254.0,27269.15,27254.0,380.0,383.85,383.85,380.0,521.2,512.0,521.2,512.0,0.0,52.44999999999999
260,2019-01-02 13:35:00,27253.95,27215.35,27253.95,27215.15,383.85,360.05,383.85,360.05,512.0,518.0,518.0,512.0,0.0,58.44999999999999
261,2019-01-02 13:36:00,27221.65,27226.25,27237.0,27221.65,383.85,360.05,383.85,360.05,512.0,518.0,518.0,512.0,0.0,58.44999999999999
262,2019-01-02 13:37:00,27230.8,27242.0,27246.75,27230.8,360.05,375.7,375.7,360.05,512.0,518.0,518.0,512.0,0.0,58.44999999999999
263,2019-01-02 13:38:00,27241.35,27245.0,27249.9,27239.5,360.05,375.7,375.7,360.05,518.0,515.6,518.0,515.6,0.0,56.05000000000001
264,2019-01-02 13:39:00,27248.0,27250.0,27253.0,27242.7,375.7,375.6,375.7,375.6,518.0,515.6,518.0,515.6,0.0,56.05000000000001
265,2019-01-02 13:40:00,27243.25,27244.05,27247.35,27230.0,375.7,375.6,375.7,375.6,518.0,515.6,518.0,515.6,0.0,56.05000000000001
266,2019-01-02 13:41:00,27245.0,27243.95,27256.65,27242.9,375.6,372.0,375.6,368.25,518.0,515.6,518.0,515.6,0.0,56.05000000000001
267,2019-01-02 13:42:00,27242.65,27245.0,27245.7,27235.0,375.6,372.0,375.6,368.25,518.0,515.6,518.0,515.6,0.0,56.05000000000001
268,2019-01-02 13:43:00,27245.0,27226.85,27245.0,27225.0,372.0,360.0,372.0,360.0,518.0,515.6,518.0,515.6,0.0,56.05000000000001
269,2019-01-02 13:44:00,27226.85,27220.0,27230.75,27220.0,360.0,359.45,360.0,359.45,518.0,515.6,518.0,515.6,0.0,56.05000000000001
270,2019-01-02 13:45:00,27218.05,27197.95,27218.05,27181.55,359.45,351.25,359.6,350.0,518.0,515.6,518.0,515.6,0.0,56.05000000000001
271,2019-01-02 13:46:00,27199.0,27197.95,27199.85,27190.05,351.25,350.0,351.25,350.0,518.0,515.6,518.0,515.6,0.0,56.05000000000001
272,2019-01-02 13:47:00,27197.6,27195.0,27204.55,27187.9,346.9,353.5,353.5,340.85,515.6,543.2,543.2,515.6,0.0,83.65000000000003
273,2019-01-02 13:48:00,27194.95,27203.0,27208.0,27193.25,353.5,351.0,353.5,346.55,543.2,545.0,545.0,543.2,0.0,85.44999999999999
274,2019-01-02 13:49:00,27204.25,27203.95,27218.0,27200.15,351.0,360.0,360.0,351.0,545.0,545.0,545.0,545.0,0.0,85.44999999999999
275,2019-01-02 13:50:00,27197.3,27189.9,27200.0,27175.1,360.0,348.4,360.0,344.05,545.0,551.65,551.65,545.0,0.0,92.09999999999997
276,2019-01-02 13:51:00,27189.95,27190.85,27199.3,27183.0,348.4,352.1,352.1,345.45,545.0,551.65,551.65,545.0,0.0,92.09999999999997
277,2019-01-02 13:52:00,27193.0,27188.95,27193.0,27180.3,352.1,344.25,352.1,342.75,545.0,551.65,551.65,545.0,0.0,92.09999999999997
278,2019-01-02 13:53:00,27189.95,27210.05,27216.9,27189.95,344.25,355.65,355.65,344.25,551.65,540.55,551.65,523.85,0.0,80.99999999999994
279,2019-01-02 13:54:00,27213.95,27202.95,27213.95,27192.4,356.0,346.65,356.0,346.65,540.55,535.0,540.55,535.0,0.0,75.44999999999999
280,2019-01-02 13:55:00,27202.95,27219.0,27219.0,27200.05,346.65,360.0,360.0,346.65,540.55,535.0,540.55,535.0,0.0,75.44999999999999
281,2019-01-02 13:56:00,27218.9,27252.75,27265.75,27218.9,360.0,380.65,380.65,360.0,535.0,508.85,535.0,508.85,0.0,49.30000000000001
282,2019-01-02 13:57:00,27251.05,27235.0,27255.35,27231.3,380.65,366.9,380.65,366.9,535.0,508.85,535.0,508.85,0.0,49.30000000000001
283,2019-01-02 13:58:00,27239.6,27236.0,27240.95,27230.1,366.9,363.0,366.9,363.0,535.0,508.85,535.0,508.85,0.0,49.30000000000001
284,2019-01-02 13:59:00,27235.9,27236.0,27238.0,27227.45,363.0,363.2,363.2,363.0,508.85,517.35,517.35,508.85,0.0,57.80000000000001
285,2019-01-02 14:00:00,27226.45,27211.9,27230.45,27206.85,363.2,356.0,363.2,356.0,508.85,517.35,517.35,508.85,0.0,57.80000000000001
286,2019-01-02 14:01:00,27209.05,27211.55,27218.8,27208.65,363.2,356.0,363.2,356.0,517.35,528.0,528.0,517.35,0.0,68.44999999999999
287,2019-01-02 14:02:00,27212.1,27187.15,27220.1,27183.15,356.0,352.0,356.0,352.0,517.35,528.0,528.0,517.35,0.0,68.44999999999999
288,2019-01-02 14:03:00,27189.9,27200.1,27202.35,27187.9,352.0,351.55,352.0,345.0,528.0,548.0,548.0,528.0,0.0,88.44999999999999
289,2019-01-02 14:04:00,27201.1,27192.65,27206.75,27188.95,351.55,353.35,353.35,350.0,528.0,548.0,548.0,528.0,0.0,88.44999999999999
290,2019-01-02 14:05:00,27198.65,27199.0,27199.0,27185.0,351.55,353.35,353.35,350.0,528.0,548.0,548.0,528.0,0.0,88.44999999999999
291,2019-01-02 14:06:00,27199.0,27223.2,27228.05,27199.0,353.35,355.0,355.0,353.35,528.0,548.0,548.0,528.0,0.0,88.44999999999999
292,2019-01-02 14:07:00,27228.25,27225.0,27229.5,27213.45,353.35,355.0,355.0,353.35,528.0,548.0,548.0,528.0,0.0,88.44999999999999
293,2019-01-02 14:08:00,27229.25,27225.75,27244.25,27222.0,353.35,355.0,355.0,353.35,548.0,523.0,548.0,523.0,0.0,63.44999999999999
294,2019-01-02 14:09:00,27223.15,27225.45,27228.1,27209.75,355.0,370.2,370.2,355.0,548.0,523.0,548.0,523.0,0.0,63.44999999999999
295,2019-01-02 14:10:00,27220.0,27215.0,27234.95,27214.95,355.0,370.2,370.2,355.0,523.0,529.45,529.45,523.0,0.0,69.90000000000003
296,2019-01-02 14:11:00,27215.05,27213.25,27220.0,27204.2,370.2,356.15,370.2,356.15,523.0,529.45,529.45,523.0,0.0,69.90000000000003
297,2019-01-02 14:12:00,27213.25,27213.95,27217.0,27209.05,356.15,355.25,356.15,355.25,523.0,529.45,529.45,523.0,0.0,69.90000000000003
298,2019-01-02 14:13:00,27213.0,27228.05,27228.05,27212.0,355.25,365.35,365.35,355.25,523.0,529.45,529.45,523.0,0.0,69.90000000000003
299,2019-01-02 14:14:00,27230.0,27220.0,27231.2,27214.1,355.25,365.35,365.35,355.25,523.0,529.45,529.45,523.0,0.0,69.90000000000003
300,2019-01-02 14:15:00,27223.0,27230.0,27235.0,27220.65,355.25,365.35,365.35,355.25,523.0,529.45,529.45,523.0,0.0,69.90000000000003
301,2019-01-02 14:16:00,27228.9,27235.6,27237.5,27222.0,365.35,370.0,370.0,365.35,529.45,535.75,535.75,529.45,0.0,76.19999999999999
302,2019-01-02 14:17:00,27235.0,27219.5,27235.0,27216.1,370.0,364.0,370.0,364.0,529.45,535.75,535.75,529.45,0.0,76.19999999999999
303,2019-01-02 14:18:00,27219.5,27215.3,27219.5,27206.75,364.0,360.0,364.0,360.0,529.45,535.75,535.75,529.45,0.0,76.19999999999999
304,2019-01-02 14:19:00,27215.3,27222.95,27223.0,27204.0,360.0,363.9,363.9,359.45,529.45,535.75,535.75,529.45,0.0,76.19999999999999
305,2019-01-02 14:20:00,27222.95,27228.35,27232.75,27220.0,360.0,363.9,363.9,359.45,529.45,535.75,535.75,529.45,0.0,76.19999999999999
306,2019-01-02 14:21:00,27228.1,27215.4,27228.1,27215.4,363.9,368.55,368.55,363.9,535.75,539.25,539.25,535.75,0.0,79.69999999999999
307,2019-01-02 14:22:00,27215.4,27231.0,27231.0,27211.0,368.55,365.6,368.55,363.7,535.75,539.25,539.25,535.75,0.0,79.69999999999999
308,2019-01-02 14:23:00,27235.0,27226.1,27236.2,27221.05,365.6,365.6,365.6,365.6,535.75,539.25,539.25,535.75,0.0,79.69999999999999
309,2019-01-02 14:24:00,27226.1,27222.85,27227.0,27214.75,365.6,364.2,365.6,364.2,539.25,523.0,539.25,523.0,0.0,63.44999999999999
310,2019-01-02 14:25:00,27222.85,27202.0,27223.4,27202.0,364.2,360.0,364.2,360.0,539.25,523.0,539.25,523.0,0.0,63.44999999999999
311,2019-01-02 14:26:00,27204.95,27194.8,27205.95,27194.8,360.0,361.35,361.35,355.0,539.25,523.0,539.25,523.0,0.0,63.44999999999999
312,2019-01-02 14:27:00,27194.7,27205.35,27205.35,27191.15,360.0,361.35,361.35,355.0,539.25,523.0,539.25,523.0,0.0,63.44999999999999
313,2019-01-02 14:28:00,27203.95,27205.05,27212.1,27198.55,360.0,361.35,361.35,355.0,539.25,523.0,539.25,523.0,0.0,63.44999999999999
314,2019-01-02 14:29:00,27205.05,27222.0,27224.0,27205.05,361.35,361.35,361.35,361.35,539.25,523.0,539.25,523.0,0.0,63.44999999999999
315,2019-01-02 14:30:00,27221.15,27221.35,27233.8,27220.05,361.35,372.05,372.05,361.35,539.25,523.0,539.25,523.0,0.0,63.44999999999999
316,2019-01-02 14:31:00,27221.35,27230.0,27230.0,27218.2,372.05,365.05,372.05,365.05,539.25,523.0,539.25,523.0,0.0,63.44999999999999
317,2019-01-02 14:32:00,27230.0,27216.05,27230.0,27213.9,372.05,365.05,372.05,365.05,539.25,523.0,539.25,523.0,0.0,63.44999999999999
318,2019-01-02 14:33:00,27218.05,27217.65,27218.05,27203.9,365.05,366.95,366.95,360.35,523.0,552.8,552.8,523.0,0.0,93.24999999999994
319,2019-01-02 14:34:00,27217.65,27261.2,27261.2,27217.65,366.95,383.4,383.4,366.95,523.0,552.8,552.8,523.0,0.0,93.24999999999994
320,2019-01-02 14:35:00,27260.1,27269.05,27279.0,27258.8,383.4,389.3,389.3,383.4,523.0,552.8,552.8,523.0,0.0,93.24999999999994
321,2019-01-02 14:36:00,27273.15,27267.15,27284.0,27266.3,389.3,389.25,389.3,389.25,523.0,552.8,552.8,523.0,0.0,93.24999999999994
322,2019-01-02 14:37:00,27268.15,27305.4,27308.0,27268.15,389.25,393.0,393.0,389.0,523.0,552.8,552.8,523.0,0.0,93.24999999999994
323,2019-01-02 14:38:00,27302.05,27290.0,27305.0,27288.3,393.0,395.1,395.1,393.0,523.0,552.8,552.8,523.0,0.0,93.24999999999994
324,2019-01-02 14:39:00,27286.0,27320.0,27320.0,27285.65,395.1,400.0,400.0,390.0,523.0,552.8,552.8,523.0,0.0,93.24999999999994
325,2019-01-02 14:40:00,27320.0,27311.0,27331.5,27310.15,400.0,409.0,409.0,400.0,552.8,473.65,552.8,473.65,0.0,14.099999999999966
326,2019-01-02 14:41:00,27310.0,27328.85,27333.0,27305.0,409.0,410.0,410.0,402.45,552.8,473.65,552.8,473.65,0.0,14.099999999999966
327,2019-01-02 14:42:00,27328.8,27310.0,27334.2,27310.0,410.0,405.0,410.0,405.0,552.8,473.65,552.8,473.65,0.0,14.099999999999966
328,2019-01-02 14:43:00,27310.0,27313.05,27315.9,27305.25,405.0,407.45,407.45,405.0,552.8,473.65,552.8,473.65,0.0,14.099999999999966
329,2019-01-02 14:44:00,27312.15,27297.0,27319.6,27297.0,407.45,400.0,407.45,400.0,552.8,473.65,552.8,473.65,0.0,14.099999999999966
330,2019-01-02 14:45:00,27300.45,27306.05,27314.15,27300.45,400.0,398.9,400.9,398.9,552.8,473.65,552.8,473.65,0.0,14.099999999999966
331,2019-01-02 14:46:00,27306.05,27253.0,27307.65,27253.0,398.9,390.35,398.9,390.35,552.8,473.65,552.8,473.65,0.0,14.099999999999966
332,2019-01-02 14:47:00,27251.25,27245.35,27257.0,27236.1,390.35,374.05,390.35,364.95,552.8,473.65,552.8,473.65,0.0,14.099999999999966
333,2019-01-02 14:48:00,27248.0,27235.0,27250.0,27235.0,374.05,374.0,374.05,374.0,552.8,473.65,552.8,473.65,0.0,14.099999999999966
334,2019-01-02 14:49:00,27236.95,27263.6,27263.6,27235.4,374.0,377.15,377.15,374.0,473.65,525.0,525.0,473.65,0.0,65.44999999999999
335,2019-01-02 14:50:00,27259.3,27249.05,27284.35,27247.85,377.15,377.15,377.15,377.15,473.65,525.0,525.0,473.65,0.0,65.44999999999999
336,2019-01-02 14:51:00,27250.0,27273.2,27273.2,27250.0,377.15,379.95,379.95,377.15,473.65,525.0,525.0,473.65,0.0,65.44999999999999
337,2019-01-02 14:52:00,27273.2,27287.0,27290.0,27265.3,379.95,390.0,390.0,379.95,473.65,525.0,525.0,473.65,0.0,65.44999999999999
338,2019-01-02 14:53:00,27293.7,27285.0,27295.9,27285.0,379.95,390.0,390.0,379.95,525.0,490.0,525.0,490.0,0.0,30.44999999999999
339,2019-01-02 14:54:00,27285.0,27293.9,27299.85,27285.0,379.95,390.0,390.0,379.95,525.0,490.0,525.0,490.0,0.0,30.44999999999999
340,2019-01-02 14:55:00,27295.0,27301.2,27314.95,27294.0,379.95,390.0,390.0,379.95,525.0,490.0,525.0,490.0,0.0,30.44999999999999
341,2019-01-02 14:56:00,27300.0,27309.0,27314.0,27300.0,379.95,390.0,390.0,379.95,490.0,480.1,490.0,480.1,0.0,20.55000000000001
342,2019-01-02 14:57:00,27316.0,27314.0,27324.8,27310.2,390.0,404.0,409.95,390.0,480.1,480.05,480.1,480.05,0.0,20.5
343,2019-01-02 14:58:00,27314.0,27297.15,27320.0,27294.9,404.0,399.95,406.3,399.95,480.05,482.25,482.25,480.05,0.0,22.69999999999999
344,2019-01-02 14:59:00,27297.15,27301.05,27313.9,27297.15,399.95,402.0,402.0,398.7,480.05,482.25,482.25,480.05,0.0,22.69999999999999
345,2019-01-02 15:00:00,27298.8,27294.35,27300.05,27276.75,402.0,390.9,402.0,390.0,482.25,496.25,496.25,482.25,0.0,36.69999999999999
346,2019-01-02 15:01:00,27294.35,27307.9,27307.9,27292.2,390.9,399.5,399.5,390.9,482.25,496.25,496.25,482.25,0.0,36.69999999999999
347,2019-01-02 15:02:00,27301.35,27298.0,27312.0,27292.05,399.5,395.25,403.4,395.25,482.25,496.25,496.25,482.25,0.0,36.69999999999999
348,2019-01-02 15:03:00,27294.3,27295.0,27308.0,27291.75,395.25,400.0,400.95,395.25,482.25,496.25,496.25,482.25,0.0,36.69999999999999
349,2019-01-02 15:04:00,27295.0,27305.0,27305.0,27294.7,400.0,396.5,400.45,396.5,482.25,496.25,496.25,482.25,0.0,36.69999999999999
350,2019-01-02 15:05:00,27304.5,27285.0,27305.4,27285.0,396.5,395.0,396.5,395.0,482.25,496.25,496.25,482.25,0.0,36.69999999999999
351,2019-01-02 15:06:00,27285.0,27276.05,27289.45,27273.85,395.0,388.35,395.0,388.35,482.25,496.25,496.25,482.25,0.0,36.69999999999999
352,2019-01-02 15:07:00,27276.05,27270.1,27286.1,27270.1,388.35,389.35,400.2,388.35,482.25,496.25,496.25,482.25,0.0,36.69999999999999
353,2019-01-02 15:08:00,27266.6,27265.0,27279.4,27261.45,389.35,389.35,389.35,385.55,482.25,496.25,496.25,482.25,0.0,36.69999999999999
354,2019-01-02 15:09:00,27264.6,27274.0,27276.95,27260.3,389.35,389.35,389.35,385.55,482.25,496.25,496.25,482.25,0.0,36.69999999999999
355,2019-01-02 15:10:00,27273.0,27267.0,27275.0,27265.05,389.35,389.35,389.35,385.55,482.25,496.25,496.25,482.25,0.0,36.69999999999999
356,2019-01-02 15:11:00,27267.0,27263.15,27269.35,27245.1,389.35,384.2,389.35,380.0,496.25,517.9,519.9,496.25,,
357,2019-01-02 15:12:00,27265.05,27262.9,27276.3,27262.9,384.2,387.8,391.3,384.2,496.25,517.9,519.9,496.25,,
358,2019-01-02 15:13:00,27266.95,27278.05,27280.0,27261.8,387.8,386.8,387.8,386.8,496.25,517.9,519.9,496.25,,
359,2019-01-02 15:14:00,27278.05,27266.95,27282.2,27265.0,386.8,389.0,390.3,384.35,496.25,517.9,519.9,496.25,,
360,2019-01-02 15:15:00,27266.95,27258.25,27275.0,27258.25,389.0,389.4,389.4,389.0,517.9,508.25,517.9,508.25,,
361,2019-01-02 15:16:00,27256.1,27258.55,27263.55,27242.75,389.4,385.05,389.4,385.05,517.9,508.25,517.9,508.25,,
362,2019-01-02 15:17:00,27260.0,27266.3,27269.5,27255.3,385.05,382.6,385.05,382.6,508.25,519.95,519.95,508.25,,
363,2019-01-02 15:18:00,27267.1,27262.2,27269.85,27258.55,382.6,388.25,388.25,382.6,519.95,521.0,521.0,519.95,,
364,2019-01-02 15:19:00,27265.15,27271.0,27274.85,27263.8,388.25,392.55,392.55,388.25,521.0,516.0,521.0,516.0,,
365,2019-01-02 15:20:00,27272.95,27266.0,27276.4,27265.8,392.55,393.0,393.0,388.75,521.0,516.0,521.0,516.0,,
366,2019-01-02 15:21:00,27269.4,27269.0,27272.65,27263.05,393.0,391.0,393.0,391.0,516.0,516.0,516.0,515.3,,
367,2019-01-02 15:22:00,27269.0,27265.95,27272.0,27261.75,391.0,387.35,391.2,387.35,516.0,515.0,516.0,515.0,,
368,2019-01-02 15:23:00,27266.05,27261.1,27268.9,27258.0,387.35,387.6,390.6,378.65,515.0,514.8,515.0,514.8,,
369,2019-01-02 15:24:00,27261.0,27262.05,27267.0,27261.0,387.6,386.0,389.45,383.95,515.0,514.8,515.0,514.8,,
370,2019-01-02 15:25:00,27262.3,27263.6,27263.6,27260.95,386.0,385.0,389.7,383.9,514.8,515.95,516.7,514.8,,
371,2019-01-02 15:26:00,27264.0,27261.6,27266.9,27260.05,385.0,388.95,388.95,383.65,514.8,515.95,516.7,514.8,,
372,2019-01-02 15:27:00,27262.05,27269.0,27269.0,27260.0,388.95,385.05,388.95,385.0,515.95,520.3,520.3,515.95,,
373,2019-01-02 15:28:00,27268.8,27272.0,27276.25,27266.75,386.95,385.8,387.0,385.8,520.3,516.9,520.3,516.9,,
374,2019-01-02 15:29:00,27273.95,27271.65,27275.0,27270.8,385.8,390.0,390.0,385.8,520.3,516.9,520.3,516.9,,
375,2019-01-02 15:30:00,27275.3,27275.3,27275.3,27275.3,385.8,390.0,390.0,385.8,520.3,516.9,520.3,516.9,,
