Ticker,Date,Time,LTP,BuyPrice,BuyQty,SellPrice,SellQty,LTQ,OpenInterest
LICHSGFIN30Jan20480CE.NFO,07/01/2020,09:15:18,1.6,1.15,2600,1.6,1300,1300,187200
LICHSGFIN30Jan20480CE.NFO,07/01/2020,09:15:18,1.6,1.15,2600,1.6,1300,0,187200
LICHSGFIN30Jan20480CE.NFO,07/01/2020,09:15:18,1.6,1.15,2600,1.6,1300,0,187200
LICHSGFIN30Jan20480CE.NFO,07/01/2020,09:15:18,1.6,1.15,2600,1.6,1300,0,187200
LICHSGFIN30Jan20480CE.NFO,07/01/2020,09:15:28,1.6,1.2,1300,1.6,1300,0,187200
LICHSGFIN30Jan20480CE.NFO,07/01/2020,09:15:38,1.6,1.3,1300,2.05,1300,1300,187200
LICHSGFIN30Jan20480CE.NFO,07/01/2020,09:15:48,1.6,1.45,1300,2.1,2600,0,187200
LICHSGFIN30Jan20480CE.NFO,07/01/2020,09:15:59,1.6,1.55,1300,2.1,2600,0,187200
LICHSGFIN30Jan20480CE.NFO,07/01/2020,09:16:21,1.6,1.65,1300,2.1,2600,0,187200
LICHSGFIN30Jan20480CE.NFO,07/01/2020,09:17:14,1.6,1.75,1300,2.1,2600,0,187200
LICHSGFIN30Jan20480CE.NFO,07/01/2020,09:17:42,1.6,1.8,1300,2.1,2600,0,187200
LICHSGFIN30Jan20480CE.NFO,07/01/2020,09:18:18,1.6,1.7,2600,2.1,2600,0,187200
LICHSGFIN30Jan20480CE.NFO,07/01/2020,09:18:25,1.6,1.75,2600,2.1,2600,0,187200
LICHSGFIN30Jan20480CE.NFO,07/01/2020,09:19:09,1.6,1.75,1300,2.1,2600,0,187200
LICHSGFIN30Jan20480CE.NFO,07/01/2020,09:19:37,1.6,1.85,1300,2.1,2600,0,187200
LICHSGFIN30Jan20480CE.NFO,07/01/2020,09:20:10,1.6,1.85,1300,2,1300,0,187200
LICHSGFIN30Jan20480CE.NFO,07/01/2020,09:20:23,1.6,1.85,1300,2,2600,0,187200
LICHSGFIN30Jan20480CE.NFO,07/01/2020,09:20:29,1.6,1.8,1300,2,2600,0,187200
LICHSGFIN30Jan20480CE.NFO,07/01/2020,09:20:35,1.6,1.8,1300,2,1300,0,187200
LICHSGFIN30Jan20480CE.NFO,07/01/2020,09:20:42,1.6,1.8,1300,2,2600,0,187200
LICHSGFIN30Jan20480CE.NFO,07/01/2020,09:20:48,1.6,1.8,1300,2,1300,0,187200
LICHSGFIN30Jan20480CE.NFO,07/01/2020,09:21:08,1.6,1.8,1300,1.9,1300,0,187200
LICHSGFIN30Jan20480CE.NFO,07/01/2020,09:21:16,1.6,1.7,2600,1.9,1300,0,187200
LICHSGFIN30Jan20480CE.NFO,07/01/2020,09:21:24,1.6,1.7,2600,1.85,1300,0,187200
LICHSGFIN30Jan20480CE.NFO,07/01/2020,09:21:30,1.6,1.7,2600,1.9,2600,0,187200
LICHSGFIN30Jan20480CE.NFO,07/01/2020,09:21:43,1.6,1.8,1300,1.95,1300,0,187200
LICHSGFIN30Jan20480CE.NFO,07/01/2020,09:21:50,1.6,1.8,1300,1.95,2600,0,187200
LICHSGFIN30Jan20480CE.NFO,07/01/2020,09:22:03,1.6,1.8,1300,2,2600,0,187200
LICHSGFIN30Jan20480CE.NFO,07/01/2020,09:22:10,1.6,1.8,1300,2,1300,0,187200
LICHSGFIN30Jan20480CE.NFO,07/01/2020,09:22:23,1.6,1.8,1300,2.05,1300,0,187200
LICHSGFIN30Jan20480CE.NFO,07/01/2020,09:22:30,1.6,1.8,1300,2.05,2600,0,187200
LICHSGFIN30Jan20480CE.NFO,07/01/2020,09:22:37,1.6,1.9,1300,2,1300,0,187200
LICHSGFIN30Jan20480CE.NFO,07/01/2020,09:22:43,1.6,1.9,1300,2.05,2600,0,187200
LICHSGFIN30Jan20480CE.NFO,07/01/2020,09:23:08,1.6,1.9,1300,2,2600,0,187200
LICHSGFIN30Jan20480CE.NFO,07/01/2020,09:23:14,1.6,1.8,1300,2.05,1300,0,187200
LICHSGFIN30Jan20480CE.NFO,07/01/2020,09:23:38,1.6,1.75,2600,2.1,2600,0,187200
LICHSGFIN30Jan20480CE.NFO,07/01/2020,09:23:44,1.6,1.75,1300,2.1,2600,0,187200
LICHSGFIN30Jan20480CE.NFO,07/01/2020,09:23:50,1.6,1.75,1300,1.95,2600,0,187200
LICHSGFIN30Jan20480CE.NFO,07/01/2020,09:23:56,1.6,1.75,1300,2,2600,0,187200
LICHSGFIN30Jan20480CE.NFO,07/01/2020,09:24:02,1.6,1.85,1300,2.05,2600,0,187200
LICHSGFIN30Jan20480CE.NFO,07/01/2020,09:24:08,1.6,1.85,1300,2,1300,0,187200
LICHSGFIN30Jan20480CE.NFO,07/01/2020,09:24:14,1.6,1.85,1300,2.05,3900,0,187200
LICHSGFIN30Jan20480CE.NFO,07/01/2020,09:24:25,1.6,1.85,1300,2.05,2600,0,187200
LICHSGFIN30Jan20480CE.NFO,07/01/2020,09:24:47,1.6,1.85,1300,2.05,3900,0,187200
LICHSGFIN30Jan20480CE.NFO,07/01/2020,09:24:59,1.6,1.75,1300,2,2600,0,187200
LICHSGFIN30Jan20480CE.NFO,07/01/2020,09:25:05,1.6,1.85,1300,2,1300,0,187200
LICHSGFIN30Jan20480CE.NFO,07/01/2020,09:25:17,1.6,1.85,1300,2.05,2600,0,187200
LICHSGFIN30Jan20480CE.NFO,07/01/2020,09:26:03,1.6,1.9,2600,2.05,2600,0,187200
LICHSGFIN30Jan20480CE.NFO,07/01/2020,09:27:37,1.6,1.9,1300,2.05,2600,0,187200
LICHSGFIN30Jan20480CE.NFO,07/01/2020,09:28:10,1.6,1.75,1300,2.05,1300,0,187200
LICHSGFIN30Jan20480CE.NFO,07/01/2020,09:29:27,1.6,1.75,1300,2.05,2600,0,187200
LICHSGFIN30Jan20480CE.NFO,07/01/2020,09:29:33,1.6,1.75,1300,2.05,1300,0,187200
LICHSGFIN30Jan20480CE.NFO,07/01/2020,09:29:39,1.6,1.8,3900,2.05,1300,0,187200
LICHSGFIN30Jan20480CE.NFO,07/01/2020,09:29:43,1.6,1.8,3900,2.05,2600,0,187200
LICHSGFIN30Jan20480CE.NFO,07/01/2020,09:29:48,1.6,1.8,3900,2,1300,0,187200
LICHSGFIN30Jan20480CE.NFO,07/01/2020,09:30:46,1.6,1.85,1300,2,1300,0,187200
LICHSGFIN30Jan20480CE.NFO,07/01/2020,09:31:13,2,2,2600,2.05,1300,1300,189800
LICHSGFIN30Jan20480CE.NFO,07/01/2020,09:31:13,2,2,2600,2.05,1300,0,189800
LICHSGFIN30Jan20480CE.NFO,07/01/2020,09:31:19,1.85,1.9,1300,2.05,1300,3900,189800
LICHSGFIN30Jan20480CE.NFO,07/01/2020,09:31:25,1.85,2,2600,2.05,1300,0,189800
LICHSGFIN30Jan20480CE.NFO,07/01/2020,09:31:36,2.05,1.95,1300,2.1,5200,1300,189800
LICHSGFIN30Jan20480CE.NFO,07/01/2020,09:31:36,2.05,1.95,1300,2.1,5200,0,189800
LICHSGFIN30Jan20480CE.NFO,07/01/2020,09:31:42,2.05,1.95,1300,2.1,3900,0,189800
LICHSGFIN30Jan20480CE.NFO,07/01/2020,09:31:48,2.05,1.95,1300,2.1,2600,0,189800
LICHSGFIN30Jan20480CE.NFO,07/01/2020,09:32:09,2.05,1.95,1300,2.1,5200,0,189800
LICHSGFIN30Jan20480CE.NFO,07/01/2020,09:32:21,2.05,1.95,1300,2.1,1300,0,189800
LICHSGFIN30Jan20480CE.NFO,07/01/2020,09:32:44,2.05,1.95,1300,2.1,2600,0,189800
LICHSGFIN30Jan20480CE.NFO,07/01/2020,09:32:50,2.05,1.95,1300,2.1,1300,0,189800
LICHSGFIN30Jan20480CE.NFO,07/01/2020,09:33:01,2.05,1.95,1300,2.1,2600,0,189800
LICHSGFIN30Jan20480CE.NFO,07/01/2020,09:33:58,2.05,1.95,1300,2.1,1300,0,189800
LICHSGFIN30Jan20480CE.NFO,07/01/2020,09:34:35,2.05,1.95,1300,2.1,3900,0,189800
LICHSGFIN30Jan20480CE.NFO,07/01/2020,09:34:41,2.05,1.95,1300,2.1,2600,0,189800
LICHSGFIN30Jan20480CE.NFO,07/01/2020,09:34:52,2.05,1.95,1300,2.1,1300,0,189800
LICHSGFIN30Jan20480CE.NFO,07/01/2020,09:36:07,2.05,2.05,1300,2.1,1300,0,189800
LICHSGFIN30Jan20480CE.NFO,07/01/2020,09:37:30,2.05,2,1300,2.1,1300,0,189800
LICHSGFIN30Jan20480CE.NFO,07/01/2020,09:37:42,2.05,1.95,1300,2.1,3900,0,189800
LICHSGFIN30Jan20480CE.NFO,07/01/2020,09:38:21,2.05,1.95,1300,2.1,2600,0,189800
LICHSGFIN30Jan20480CE.NFO,07/01/2020,09:39:17,2.05,1.95,1300,2.1,1300,0,189800
LICHSGFIN30Jan20480CE.NFO,07/01/2020,09:39:22,2.05,2.05,1300,2.1,1300,0,189800
LICHSGFIN30Jan20480CE.NFO,07/01/2020,09:39:44,2.05,2,1300,2.1,1300,0,189800
LICHSGFIN30Jan20480CE.NFO,07/01/2020,09:39:48,2.05,2,1300,2.1,3900,0,189800
LICHSGFIN30Jan20480CE.NFO,07/01/2020,09:40:00,2.05,2,1300,2.1,2600,0,189800
LICHSGFIN30Jan20480CE.NFO,07/01/2020,09:40:04,2.05,2,1300,2.1,1300,0,189800
LICHSGFIN30Jan20480CE.NFO,07/01/2020,09:41:10,2,1.95,1300,2.1,2600,1300,185900
LICHSGFIN30Jan20480CE.NFO,07/01/2020,09:41:28,2,2,2600,2.1,2600,0,185900
LICHSGFIN30Jan20480CE.NFO,07/01/2020,09:42:19,2,2,2600,2.1,3900,0,185900
LICHSGFIN30Jan20480CE.NFO,07/01/2020,09:42:33,2,2,2600,2.1,1300,0,185900
LICHSGFIN30Jan20480CE.NFO,07/01/2020,09:42:53,2,2,2600,2.1,2600,0,185900
LICHSGFIN30Jan20480CE.NFO,07/01/2020,09:42:59,2,2,2600,2.1,5200,0,185900
LICHSGFIN30Jan20480CE.NFO,07/01/2020,09:43:15,2,2,2600,2.1,2600,0,185900
LICHSGFIN30Jan20480CE.NFO,07/01/2020,09:44:09,2.1,2,2600,2.15,2600,2600,185900
LICHSGFIN30Jan20480CE.NFO,07/01/2020,09:44:09,2.1,2,2600,2.15,2600,0,185900
LICHSGFIN30Jan20480CE.NFO,07/01/2020,09:44:20,2.1,2.1,1300,2.2,2600,0,185900
LICHSGFIN30Jan20480CE.NFO,07/01/2020,09:44:31,2.1,2.05,2600,2.2,2600,0,185900
LICHSGFIN30Jan20480CE.NFO,07/01/2020,09:44:51,2.2,2.05,1300,2.3,3900,1300,185900
LICHSGFIN30Jan20480CE.NFO,07/01/2020,09:44:51,2.2,2.05,1300,2.3,3900,0,185900
LICHSGFIN30Jan20480CE.NFO,07/01/2020,09:44:56,2.2,2.05,2600,2.25,1300,0,185900
LICHSGFIN30Jan20480CE.NFO,07/01/2020,09:45:14,2.2,2.05,3900,2.3,3900,0,185900
LICHSGFIN30Jan20480CE.NFO,07/01/2020,09:46:12,2.2,2.05,3900,2.3,6500,0,185900
LICHSGFIN30Jan20480CE.NFO,07/01/2020,09:46:22,2.2,2.05,2600,2.3,6500,0,185900
LICHSGFIN30Jan20480CE.NFO,07/01/2020,09:46:26,2.2,2.05,2600,2.25,3900,0,185900
LICHSGFIN30Jan20480CE.NFO,07/01/2020,09:46:42,2.2,2.05,2600,2.25,2600,0,185900
LICHSGFIN30Jan20480CE.NFO,07/01/2020,09:46:46,2.2,2.05,2600,2.25,1300,0,185900
LICHSGFIN30Jan20480CE.NFO,07/01/2020,09:46:55,2.2,2.05,2600,2.3,6500,0,185900
LICHSGFIN30Jan20480CE.NFO,07/01/2020,09:47:09,2.2,2.05,2600,2.25,2600,0,185900
LICHSGFIN30Jan20480CE.NFO,07/01/2020,09:47:17,2.2,2.05,2600,2.25,1300,0,185900
LICHSGFIN30Jan20480CE.NFO,07/01/2020,09:47:21,2.2,2.05,2600,2.3,6500,0,185900
LICHSGFIN30Jan20480CE.NFO,07/01/2020,09:47:26,2.2,2.05,2600,2.3,5200,0,185900
LICHSGFIN30Jan20480CE.NFO,07/01/2020,09:47:31,2.2,2.05,2600,2.25,1300,0,185900
LICHSGFIN30Jan20480CE.NFO,07/01/2020,09:47:35,2.2,2.05,2600,2.25,2600,0,185900
LICHSGFIN30Jan20480CE.NFO,07/01/2020,09:47:44,2.2,2.15,1300,2.3,5200,0,185900
LICHSGFIN30Jan20480CE.NFO,07/01/2020,09:47:52,2.2,2.15,2600,2.3,5200,0,185900
LICHSGFIN30Jan20480CE.NFO,07/01/2020,09:48:08,2.2,2.15,2600,2.25,1300,0,185900
LICHSGFIN30Jan20480CE.NFO,07/01/2020,09:48:16,2.2,2.15,2600,2.3,5200,0,185900
LICHSGFIN30Jan20480CE.NFO,07/01/2020,09:48:31,2.2,2.15,2600,2.3,6500,0,185900
LICHSGFIN30Jan20480CE.NFO,07/01/2020,09:48:40,2.2,2.15,2600,2.25,5200,0,185900
LICHSGFIN30Jan20480CE.NFO,07/01/2020,09:48:50,2.2,2.15,2600,2.25,6500,0,185900
LICHSGFIN30Jan20480CE.NFO,07/01/2020,09:48:57,2.2,2.15,2600,2.25,2600,0,185900
LICHSGFIN30Jan20480CE.NFO,07/01/2020,09:49:26,2.2,2.15,2600,2.25,5200,0,185900
LICHSGFIN30Jan20480CE.NFO,07/01/2020,09:49:37,2.2,2.15,2600,2.25,2600,0,185900
LICHSGFIN30Jan20480CE.NFO,07/01/2020,09:49:42,2.2,2.15,2600,2.25,3900,0,185900
LICHSGFIN30Jan20480CE.NFO,07/01/2020,09:49:53,2.2,2.15,2600,2.25,1300,0,185900
LICHSGFIN30Jan20480CE.NFO,07/01/2020,09:49:57,2.2,2.15,2600,2.3,6500,0,185900
LICHSGFIN30Jan20480CE.NFO,07/01/2020,09:50:18,2.2,2.15,2600,2.25,1300,0,185900
LICHSGFIN30Jan20480CE.NFO,07/01/2020,09:50:32,2.2,2.15,2600,2.25,2600,0,185900
LICHSGFIN30Jan20480CE.NFO,07/01/2020,09:50:37,2.2,2.15,2600,2.25,3900,0,185900
LICHSGFIN30Jan20480CE.NFO,07/01/2020,09:50:43,2.2,2.15,2600,2.25,5200,0,185900
LICHSGFIN30Jan20480CE.NFO,07/01/2020,09:50:49,2.15,2.15,1300,2.25,3900,1300,184600
LICHSGFIN30Jan20480CE.NFO,07/01/2020,09:50:54,2.15,2.15,1300,2.25,3900,0,184600
LICHSGFIN30Jan20480CE.NFO,07/01/2020,09:50:58,2.15,2.15,1300,2.25,2600,0,184600
LICHSGFIN30Jan20480CE.NFO,07/01/2020,09:51:25,2.15,2.15,1300,2.25,3900,0,184600
LICHSGFIN30Jan20480CE.NFO,07/01/2020,09:51:30,2.15,2.15,1300,2.25,2600,0,184600
LICHSGFIN30Jan20480CE.NFO,07/01/2020,09:51:35,2.15,2.15,1300,2.25,3900,0,184600
LICHSGFIN30Jan20480CE.NFO,07/01/2020,09:51:39,2.15,2.15,1300,2.25,2600,0,184600
LICHSGFIN30Jan20480CE.NFO,07/01/2020,09:52:16,2.15,2.15,1300,2.25,1300,0,184600
LICHSGFIN30Jan20480CE.NFO,07/01/2020,09:52:40,2.15,2.15,1300,2.3,2600,0,184600
LICHSGFIN30Jan20480CE.NFO,07/01/2020,09:52:45,2.15,2.15,1300,2.3,5200,0,184600
LICHSGFIN30Jan20480CE.NFO,07/01/2020,09:53:27,2.15,2.15,2600,2.3,5200,0,184600
LICHSGFIN30Jan20480CE.NFO,07/01/2020,09:53:37,2.15,2.15,2600,2.25,2600,0,184600
LICHSGFIN30Jan20480CE.NFO,07/01/2020,09:54:27,2.15,2.15,2600,2.25,3900,0,184600
LICHSGFIN30Jan20480CE.NFO,07/01/2020,09:54:35,2.15,2.15,2600,2.25,5200,0,184600
LICHSGFIN30Jan20480CE.NFO,07/01/2020,09:54:45,2.15,2.15,2600,2.25,3900,0,184600
LICHSGFIN30Jan20480CE.NFO,07/01/2020,09:54:54,2.15,2.15,2600,2.25,5200,0,184600
LICHSGFIN30Jan20480CE.NFO,07/01/2020,09:55:14,2.15,2.15,2600,2.25,3900,0,184600
LICHSGFIN30Jan20480CE.NFO,07/01/2020,09:55:24,2.15,2.15,2600,2.2,1300,0,184600
LICHSGFIN30Jan20480CE.NFO,07/01/2020,09:56:43,2.15,2.15,1300,2.2,1300,0,184600
LICHSGFIN30Jan20480CE.NFO,07/01/2020,09:56:51,2.15,2.15,1300,2.2,2600,0,184600
LICHSGFIN30Jan20480CE.NFO,07/01/2020,09:56:56,2.15,2.15,1300,2.2,1300,0,184600
LICHSGFIN30Jan20480CE.NFO,07/01/2020,09:57:00,2.15,2.15,1300,2.2,2600,0,184600
LICHSGFIN30Jan20480CE.NFO,07/01/2020,09:57:22,2.15,2.15,1300,2.2,3900,0,184600
LICHSGFIN30Jan20480CE.NFO,07/01/2020,09:57:26,2.15,2.15,1300,2.2,1300,0,184600
LICHSGFIN30Jan20480CE.NFO,07/01/2020,09:57:42,2.15,2.15,1300,2.2,2600,0,184600
LICHSGFIN30Jan20480CE.NFO,07/01/2020,09:57:46,2.15,2.15,1300,2.2,1300,0,184600
LICHSGFIN30Jan20480CE.NFO,07/01/2020,09:58:10,2.15,2.15,1300,2.2,1300,1300,184600
LICHSGFIN30Jan20480CE.NFO,07/01/2020,09:58:14,2.15,2.15,1300,2.2,1300,0,184600
LICHSGFIN30Jan20480CE.NFO,07/01/2020,09:58:18,2.15,2.15,1300,2.2,2600,0,184600
LICHSGFIN30Jan20480CE.NFO,07/01/2020,09:58:22,2.15,2.15,1300,2.2,3900,0,184600
LICHSGFIN30Jan20480CE.NFO,07/01/2020,09:58:45,2.15,2.1,1300,2.2,3900,1300,184600
LICHSGFIN30Jan20480CE.NFO,07/01/2020,09:58:51,2.15,2.1,1300,2.15,1300,0,184600
LICHSGFIN30Jan20480CE.NFO,07/01/2020,09:59:08,2.1,2.05,1300,2.2,3900,1300,184600
LICHSGFIN30Jan20480CE.NFO,07/01/2020,09:59:14,2.1,2.05,1300,2.2,3900,0,184600
LICHSGFIN30Jan20480CE.NFO,07/01/2020,10:00:19,2.1,2.05,1300,2.2,5200,0,184600
LICHSGFIN30Jan20480CE.NFO,07/01/2020,10:00:30,2.1,2.05,1300,2.2,3900,0,184600
LICHSGFIN30Jan20480CE.NFO,07/01/2020,10:00:48,2.1,1.95,1300,2.15,2600,0,184600
LICHSGFIN30Jan20480CE.NFO,07/01/2020,10:00:55,2.1,1.95,1300,2.2,5200,0,184600
LICHSGFIN30Jan20480CE.NFO,07/01/2020,10:02:00,2.1,1.95,1300,2.1,1300,0,184600
LICHSGFIN30Jan20480CE.NFO,07/01/2020,10:02:11,2.1,1.85,1300,2.1,1300,0,184600
LICHSGFIN30Jan20480CE.NFO,07/01/2020,10:02:21,2.1,1.85,1300,2.1,2600,0,184600
LICHSGFIN30Jan20480CE.NFO,07/01/2020,10:02:27,2.1,1.8,1300,2.05,2600,0,184600
LICHSGFIN30Jan20480CE.NFO,07/01/2020,10:02:44,2.1,1.8,1300,2,2600,0,184600
LICHSGFIN30Jan20480CE.NFO,07/01/2020,10:02:49,2.1,1.8,1300,2,3900,0,184600
LICHSGFIN30Jan20480CE.NFO,07/01/2020,10:03:00,2.1,1.8,1300,2,2600,0,184600
LICHSGFIN30Jan20480CE.NFO,07/01/2020,10:03:33,2.1,1.8,1300,2,1300,0,184600
LICHSGFIN30Jan20480CE.NFO,07/01/2020,10:03:45,2.1,1.8,1300,2,2600,0,184600
LICHSGFIN30Jan20480CE.NFO,07/01/2020,10:04:00,2.1,1.85,1300,2,1300,0,184600
LICHSGFIN30Jan20480CE.NFO,07/01/2020,10:04:23,2.1,1.85,1300,2.05,1300,0,184600
LICHSGFIN30Jan20480CE.NFO,07/01/2020,10:05:36,2.1,1.8,1300,2.05,2600,0,184600
LICHSGFIN30Jan20480CE.NFO,07/01/2020,10:05:48,2.1,1.85,1300,2.05,1300,0,184600
LICHSGFIN30Jan20480CE.NFO,07/01/2020,10:06:04,2.1,1.8,1300,2.05,2600,0,184600
LICHSGFIN30Jan20480CE.NFO,07/01/2020,10:06:37,2.1,1.8,1300,2.05,1300,0,184600
LICHSGFIN30Jan20480CE.NFO,07/01/2020,10:06:42,2.1,1.85,1300,2.05,1300,0,184600
LICHSGFIN30Jan20480CE.NFO,07/01/2020,10:06:48,2.1,1.8,1300,2.05,2600,0,184600
LICHSGFIN30Jan20480CE.NFO,07/01/2020,10:06:59,2.1,1.8,1300,2.05,1300,0,184600
LICHSGFIN30Jan20480CE.NFO,07/01/2020,10:07:17,2.1,1.8,1300,2.05,2600,0,184600
LICHSGFIN30Jan20480CE.NFO,07/01/2020,10:07:22,2.1,1.8,1300,2.05,1300,0,184600
LICHSGFIN30Jan20480CE.NFO,07/01/2020,10:07:38,2.1,1.8,1300,2.05,2600,0,184600
LICHSGFIN30Jan20480CE.NFO,07/01/2020,10:07:43,2.1,1.85,1300,2.05,1300,0,184600
LICHSGFIN30Jan20480CE.NFO,07/01/2020,10:07:53,2.1,1.8,1300,2.05,2600,0,184600
LICHSGFIN30Jan20480CE.NFO,07/01/2020,10:08:07,2.1,1.85,1300,2.05,1300,0,184600
LICHSGFIN30Jan20480CE.NFO,07/01/2020,10:08:11,2.1,1.8,1300,2.05,2600,0,184600
LICHSGFIN30Jan20480CE.NFO,07/01/2020,10:08:26,2.1,1.85,1300,2.05,1300,0,184600
LICHSGFIN30Jan20480CE.NFO,07/01/2020,10:08:41,2.1,1.85,1300,2.05,2600,0,184600
LICHSGFIN30Jan20480CE.NFO,07/01/2020,10:08:46,2.1,1.8,1300,2.05,2600,0,184600
LICHSGFIN30Jan20480CE.NFO,07/01/2020,10:09:28,2.1,1.8,1300,2,1300,0,184600
LICHSGFIN30Jan20480CE.NFO,07/01/2020,10:10:09,2.1,1.85,1300,2,1300,0,184600
LICHSGFIN30Jan20480CE.NFO,07/01/2020,10:10:49,2.1,1.85,1300,2.05,2600,0,184600
LICHSGFIN30Jan20480CE.NFO,07/01/2020,10:10:53,2.1,1.85,1300,2.05,1300,0,184600
LICHSGFIN30Jan20480CE.NFO,07/01/2020,10:11:20,2.1,1.85,1300,2.1,2600,0,184600
LICHSGFIN30Jan20480CE.NFO,07/01/2020,10:11:36,2.1,1.85,1300,2.1,1300,0,184600
LICHSGFIN30Jan20480CE.NFO,07/01/2020,10:12:19,2.1,1.85,2600,2.15,2600,0,184600
LICHSGFIN30Jan20480CE.NFO,07/01/2020,10:15:48,2.1,1.85,2600,2.1,2600,0,184600
LICHSGFIN30Jan20480CE.NFO,07/01/2020,10:15:55,2.1,1.85,1300,2.1,2600,0,184600
LICHSGFIN30Jan20480CE.NFO,07/01/2020,10:16:26,2.1,1.85,1300,2.1,1300,0,184600
LICHSGFIN30Jan20480CE.NFO,07/01/2020,10:17:17,2.1,1.85,2600,2.15,2600,0,184600
LICHSGFIN30Jan20480CE.NFO,07/01/2020,10:17:59,2.1,1.85,1300,2.1,2600,0,184600
LICHSGFIN30Jan20480CE.NFO,07/01/2020,10:18:24,2.1,1.85,1300,2.1,1300,0,184600
LICHSGFIN30Jan20480CE.NFO,07/01/2020,10:18:58,2.1,1.85,1300,2.1,2600,0,184600
LICHSGFIN30Jan20480CE.NFO,07/01/2020,10:19:16,2.1,1.8,2600,2.1,2600,0,184600
LICHSGFIN30Jan20480CE.NFO,07/01/2020,10:19:21,2.1,1.85,1300,2.1,2600,0,184600
LICHSGFIN30Jan20480CE.NFO,07/01/2020,10:19:26,2.1,1.8,1300,2.1,2600,0,184600
LICHSGFIN30Jan20480CE.NFO,07/01/2020,10:19:33,2.1,1.85,1300,2.1,2600,0,184600
LICHSGFIN30Jan20480CE.NFO,07/01/2020,10:22:35,2.1,1.85,1300,2.05,2600,0,184600
LICHSGFIN30Jan20480CE.NFO,07/01/2020,10:22:42,2.1,1.85,1300,2.05,1300,0,184600
LICHSGFIN30Jan20480CE.NFO,07/01/2020,10:22:48,2.1,1.85,1300,2.05,2600,0,184600
LICHSGFIN30Jan20480CE.NFO,07/01/2020,10:23:02,2.1,1.85,1300,2.05,1300,0,184600
LICHSGFIN30Jan20480CE.NFO,07/01/2020,10:23:20,2.1,1.85,1300,2.1,2600,0,184600
LICHSGFIN30Jan20480CE.NFO,07/01/2020,10:25:25,2.1,1.85,1300,2.05,2600,0,184600
LICHSGFIN30Jan20480CE.NFO,07/01/2020,10:25:44,2.1,1.8,1300,2.05,2600,0,184600
LICHSGFIN30Jan20480CE.NFO,07/01/2020,10:25:54,2.1,1.85,1300,2.05,2600,0,184600
LICHSGFIN30Jan20480CE.NFO,07/01/2020,10:26:06,2.1,1.8,1300,2.05,2600,0,184600
LICHSGFIN30Jan20480CE.NFO,07/01/2020,10:26:11,2.1,1.8,1300,2,2600,0,184600
LICHSGFIN30Jan20480CE.NFO,07/01/2020,10:27:39,1.85,1.8,1300,2,2600,1300,184600
LICHSGFIN30Jan20480CE.NFO,07/01/2020,10:27:47,1.85,1.8,1300,1.9,1300,0,184600
LICHSGFIN30Jan20480CE.NFO,07/01/2020,10:27:53,1.85,1.8,1300,1.85,1300,0,184600
LICHSGFIN30Jan20480CE.NFO,07/01/2020,10:28:12,1.85,1.8,1300,2,1300,0,184600
LICHSGFIN30Jan20480CE.NFO,07/01/2020,10:28:19,1.85,1.8,1300,1.9,1300,0,184600
LICHSGFIN30Jan20480CE.NFO,07/01/2020,10:28:33,1.85,1.8,1300,1.85,1300,0,184600
LICHSGFIN30Jan20480CE.NFO,07/01/2020,10:28:36,1.85,1.8,1300,2,1300,1300,184600
LICHSGFIN30Jan20480CE.NFO,07/01/2020,10:28:40,1.85,1.8,1300,2,1300,0,184600
LICHSGFIN30Jan20480CE.NFO,07/01/2020,10:32:06,1.85,1.8,1300,2,2600,0,184600
LICHSGFIN30Jan20480CE.NFO,07/01/2020,10:32:56,1.85,1.8,1300,2,1300,0,184600
LICHSGFIN30Jan20480CE.NFO,07/01/2020,10:33:07,1.85,1.8,1300,2,2600,0,184600
LICHSGFIN30Jan20480CE.NFO,07/01/2020,10:33:27,1.85,1.8,1300,2,1300,0,184600
LICHSGFIN30Jan20480CE.NFO,07/01/2020,10:33:44,1.85,1.8,1300,2,2600,0,184600
LICHSGFIN30Jan20480CE.NFO,07/01/2020,10:33:53,1.85,1.85,1300,2,1300,0,184600
LICHSGFIN30Jan20480CE.NFO,07/01/2020,10:34:02,1.85,1.85,1300,2,2600,0,184600
LICHSGFIN30Jan20480CE.NFO,07/01/2020,10:34:06,1.85,1.8,1300,2,2600,0,184600
LICHSGFIN30Jan20480CE.NFO,07/01/2020,10:34:14,1.85,1.8,1300,2,1300,0,184600
LICHSGFIN30Jan20480CE.NFO,07/01/2020,10:34:21,1.85,1.8,1300,2,2600,0,184600
LICHSGFIN30Jan20480CE.NFO,07/01/2020,10:34:52,1.85,1.85,1300,2,1300,0,184600
LICHSGFIN30Jan20480CE.NFO,07/01/2020,10:35:34,1.85,1.85,2600,2,1300,0,184600
LICHSGFIN30Jan20480CE.NFO,07/01/2020,10:35:38,1.85,1.85,1300,2,1300,0,184600
LICHSGFIN30Jan20480CE.NFO,07/01/2020,10:37:22,1.85,1.85,1300,2.05,2600,0,184600
LICHSGFIN30Jan20480CE.NFO,07/01/2020,10:37:55,1.85,1.8,1300,2.05,2600,0,184600
LICHSGFIN30Jan20480CE.NFO,07/01/2020,10:38:44,1.85,1.8,1300,2,2600,0,184600
LICHSGFIN30Jan20480CE.NFO,07/01/2020,10:39:06,1.85,1.8,1300,2,1300,0,184600
LICHSGFIN30Jan20480CE.NFO,07/01/2020,10:39:21,1.85,1.8,1300,1.85,1300,0,184600
LICHSGFIN30Jan20480CE.NFO,07/01/2020,10:39:30,1.8,1.75,1300,1.85,1300,1300,184600
LICHSGFIN30Jan20480CE.NFO,07/01/2020,10:40:04,1.8,1.75,1300,1.85,1300,0,184600
LICHSGFIN30Jan20480CE.NFO,07/01/2020,10:42:48,1.8,1.7,2600,1.85,1300,0,184600
LICHSGFIN30Jan20480CE.NFO,07/01/2020,10:44:14,1.8,1.7,1300,1.85,1300,0,184600
LICHSGFIN30Jan20480CE.NFO,07/01/2020,10:46:57,1.8,1.65,1300,1.85,1300,0,184600
LICHSGFIN30Jan20480CE.NFO,07/01/2020,10:47:39,1.8,1.7,1300,1.85,1300,0,184600
LICHSGFIN30Jan20480CE.NFO,07/01/2020,10:49:03,1.8,1.65,1300,1.85,1300,0,184600
LICHSGFIN30Jan20480CE.NFO,07/01/2020,10:49:07,1.8,1.7,1300,1.85,1300,0,184600
LICHSGFIN30Jan20480CE.NFO,07/01/2020,10:49:21,1.8,1.65,1300,1.85,1300,0,184600
LICHSGFIN30Jan20480CE.NFO,07/01/2020,10:50:06,1.8,1.65,1300,1.8,1300,0,184600
LICHSGFIN30Jan20480CE.NFO,07/01/2020,10:52:02,1.8,1.6,3900,1.8,1300,0,184600
LICHSGFIN30Jan20480CE.NFO,07/01/2020,10:52:10,1.8,1.65,1300,1.8,1300,0,184600
LICHSGFIN30Jan20480CE.NFO,07/01/2020,10:52:17,1.8,1.6,3900,1.8,1300,0,184600
LICHSGFIN30Jan20480CE.NFO,07/01/2020,10:52:26,1.8,1.6,2600,1.8,1300,0,184600
LICHSGFIN30Jan20480CE.NFO,07/01/2020,10:52:41,1.8,1.6,3900,1.8,1300,0,184600
LICHSGFIN30Jan20480CE.NFO,07/01/2020,10:53:03,1.8,1.6,2600,1.8,1300,0,184600
LICHSGFIN30Jan20480CE.NFO,07/01/2020,10:56:14,1.8,1.65,1300,1.8,1300,0,184600
LICHSGFIN30Jan20480CE.NFO,07/01/2020,10:56:23,1.8,1.6,2600,1.8,1300,0,184600
LICHSGFIN30Jan20480CE.NFO,07/01/2020,10:59:49,1.8,1.6,2600,1.8,2600,0,184600
LICHSGFIN30Jan20480CE.NFO,07/01/2020,10:59:54,1.8,1.6,2600,1.8,1300,0,184600
LICHSGFIN30Jan20480CE.NFO,07/01/2020,11:00:28,1.8,1.6,2600,1.8,2600,0,184600
LICHSGFIN30Jan20480CE.NFO,07/01/2020,11:00:54,1.8,1.6,2600,1.8,3900,0,184600
LICHSGFIN30Jan20480CE.NFO,07/01/2020,11:01:25,1.6,1.6,1300,1.75,1300,1300,184600
LICHSGFIN30Jan20480CE.NFO,07/01/2020,11:01:32,1.6,1.6,1300,1.75,1300,0,184600
LICHSGFIN30Jan20480CE.NFO,07/01/2020,11:01:40,1.6,1.6,1300,1.8,3900,0,184600
LICHSGFIN30Jan20480CE.NFO,07/01/2020,11:01:48,1.6,1.6,1300,1.8,2600,0,184600
LICHSGFIN30Jan20480CE.NFO,07/01/2020,11:02:03,1.6,1.6,1300,1.75,2600,0,184600
LICHSGFIN30Jan20480CE.NFO,07/01/2020,11:02:10,1.6,1.6,1300,1.75,1300,0,184600
LICHSGFIN30Jan20480CE.NFO,07/01/2020,11:02:23,1.6,1.6,1300,1.7,3900,0,184600
LICHSGFIN30Jan20480CE.NFO,07/01/2020,11:02:42,1.6,1.6,1300,1.7,2600,0,184600
LICHSGFIN30Jan20480CE.NFO,07/01/2020,11:02:55,1.6,1.6,1300,1.7,3900,0,184600
LICHSGFIN30Jan20480CE.NFO,07/01/2020,11:03:15,1.6,1.6,1300,1.7,2600,0,184600
LICHSGFIN30Jan20480CE.NFO,07/01/2020,11:03:22,1.6,1.6,1300,1.7,3900,0,184600
LICHSGFIN30Jan20480CE.NFO,07/01/2020,11:03:41,1.6,1.55,1300,1.7,1300,2600,184600
LICHSGFIN30Jan20480CE.NFO,07/01/2020,11:03:49,1.6,1.55,1300,1.7,1300,0,184600
LICHSGFIN30Jan20480CE.NFO,07/01/2020,11:04:09,1.6,1.55,1300,1.7,2600,0,184600
LICHSGFIN30Jan20480CE.NFO,07/01/2020,11:04:15,1.6,1.55,1300,1.7,1300,0,184600
LICHSGFIN30Jan20480CE.NFO,07/01/2020,11:04:35,1.6,1.5,1300,1.6,5200,0,184600
LICHSGFIN30Jan20480CE.NFO,07/01/2020,11:05:51,1.5,1.45,1300,1.6,5200,1300,184600
LICHSGFIN30Jan20480CE.NFO,07/01/2020,11:05:51,1.5,1.45,1300,1.6,5200,0,184600
LICHSGFIN30Jan20480CE.NFO,07/01/2020,11:05:58,1.5,1.45,1300,1.5,1300,2600,184600
LICHSGFIN30Jan20480CE.NFO,07/01/2020,11:06:05,1.5,1.45,1300,1.7,1300,1300,184600
LICHSGFIN30Jan20480CE.NFO,07/01/2020,11:06:12,1.5,1.45,1300,1.7,1300,0,184600
LICHSGFIN30Jan20480CE.NFO,07/01/2020,11:07:38,1.5,1.5,1300,1.7,1300,0,184600
LICHSGFIN30Jan20480CE.NFO,07/01/2020,11:08:00,1.5,1.5,1300,1.75,1300,0,184600
LICHSGFIN30Jan20480CE.NFO,07/01/2020,11:08:04,1.5,1.5,1300,1.75,2600,0,184600
LICHSGFIN30Jan20480CE.NFO,07/01/2020,11:08:35,1.5,1.5,1300,1.75,1300,0,184600
LICHSGFIN30Jan20480CE.NFO,07/01/2020,11:08:40,1.5,1.5,1300,1.75,2600,0,184600
LICHSGFIN30Jan20480CE.NFO,07/01/2020,11:08:45,1.5,1.5,1300,1.75,1300,0,184600
LICHSGFIN30Jan20480CE.NFO,07/01/2020,11:09:29,1.5,1.5,1300,1.75,2600,0,184600
LICHSGFIN30Jan20480CE.NFO,07/01/2020,11:09:33,1.5,1.5,1300,1.75,1300,0,184600
LICHSGFIN30Jan20480CE.NFO,07/01/2020,11:10:43,1.5,1.5,1300,1.65,1300,0,184600
LICHSGFIN30Jan20480CE.NFO,07/01/2020,11:12:00,1.5,1.45,1300,1.65,1300,0,184600
LICHSGFIN30Jan20480CE.NFO,07/01/2020,11:13:55,1.5,1.5,1300,1.65,1300,0,184600
LICHSGFIN30Jan20480CE.NFO,07/01/2020,11:14:00,1.5,1.45,1300,1.65,1300,0,184600
LICHSGFIN30Jan20480CE.NFO,07/01/2020,11:14:18,1.5,1.5,1300,1.65,1300,0,184600
LICHSGFIN30Jan20480CE.NFO,07/01/2020,11:15:00,1.5,1.45,1300,1.65,1300,0,184600
LICHSGFIN30Jan20480CE.NFO,07/01/2020,11:16:32,1.5,1.45,1300,1.65,2600,0,184600
LICHSGFIN30Jan20480CE.NFO,07/01/2020,11:17:11,1.5,1.45,1300,1.65,1300,0,184600
LICHSGFIN30Jan20480CE.NFO,07/01/2020,11:17:15,1.5,1.45,1300,1.65,2600,0,184600
LICHSGFIN30Jan20480CE.NFO,07/01/2020,11:17:29,1.5,1.45,1300,1.65,1300,0,184600
LICHSGFIN30Jan20480CE.NFO,07/01/2020,11:17:34,1.5,1.5,1300,1.65,1300,0,184600
LICHSGFIN30Jan20480CE.NFO,07/01/2020,11:19:21,1.5,1.45,1300,1.65,2600,0,184600
LICHSGFIN30Jan20480CE.NFO,07/01/2020,11:19:29,1.5,1.45,1300,1.65,1300,0,184600
LICHSGFIN30Jan20480CE.NFO,07/01/2020,11:20:04,1.5,1.45,1300,1.65,2600,0,184600
LICHSGFIN30Jan20480CE.NFO,07/01/2020,11:20:16,1.5,1.45,1300,1.65,1300,0,184600
LICHSGFIN30Jan20480CE.NFO,07/01/2020,11:20:26,1.5,1.45,1300,1.65,2600,0,184600
LICHSGFIN30Jan20480CE.NFO,07/01/2020,11:20:32,1.5,1.45,1300,1.65,1300,0,184600
LICHSGFIN30Jan20480CE.NFO,07/01/2020,11:25:25,1.5,1.5,3900,1.65,1300,0,184600
LICHSGFIN30Jan20480CE.NFO,07/01/2020,11:26:21,1.5,1.55,1300,1.65,1300,0,184600
LICHSGFIN30Jan20480CE.NFO,07/01/2020,11:31:51,1.5,1.6,1300,1.65,1300,0,184600
LICHSGFIN30Jan20480CE.NFO,07/01/2020,11:31:58,1.65,1.6,1300,1.8,3900,1300,184600
LICHSGFIN30Jan20480CE.NFO,07/01/2020,11:32:04,1.65,1.6,1300,1.8,1300,0,184600
LICHSGFIN30Jan20480CE.NFO,07/01/2020,11:32:09,1.65,1.6,1300,1.8,3900,0,184600
LICHSGFIN30Jan20480CE.NFO,07/01/2020,11:32:19,1.65,1.6,1300,1.8,1300,0,184600
LICHSGFIN30Jan20480CE.NFO,07/01/2020,11:32:24,1.65,1.6,1300,1.8,3900,0,184600
LICHSGFIN30Jan20480CE.NFO,07/01/2020,11:32:28,1.65,1.6,1300,1.8,1300,0,184600
LICHSGFIN30Jan20480CE.NFO,07/01/2020,11:32:33,1.65,1.55,1300,1.8,3900,0,184600
LICHSGFIN30Jan20480CE.NFO,07/01/2020,11:33:01,1.65,1.55,1300,1.8,1300,0,184600
LICHSGFIN30Jan20480CE.NFO,07/01/2020,11:33:26,1.65,1.6,1300,1.8,1300,0,184600
LICHSGFIN30Jan20480CE.NFO,07/01/2020,11:34:35,1.65,1.6,1300,1.85,2600,0,184600
LICHSGFIN30Jan20480CE.NFO,07/01/2020,11:37:06,1.65,1.6,1300,1.85,3900,0,184600
LICHSGFIN30Jan20480CE.NFO,07/01/2020,11:37:14,1.65,1.6,1300,1.85,2600,0,184600
LICHSGFIN30Jan20480CE.NFO,07/01/2020,11:37:49,1.65,1.6,1300,1.85,5200,0,184600
LICHSGFIN30Jan20480CE.NFO,07/01/2020,11:37:54,1.65,1.6,1300,1.85,3900,0,184600
LICHSGFIN30Jan20480CE.NFO,07/01/2020,11:38:14,1.65,1.6,1300,1.85,2600,0,184600
LICHSGFIN30Jan20480CE.NFO,07/01/2020,11:38:31,1.65,1.6,1300,1.85,3900,0,184600
LICHSGFIN30Jan20480CE.NFO,07/01/2020,11:38:41,1.65,1.6,1300,1.85,2600,0,184600
LICHSGFIN30Jan20480CE.NFO,07/01/2020,11:39:00,1.65,1.6,1300,1.85,3900,0,184600
LICHSGFIN30Jan20480CE.NFO,07/01/2020,11:39:38,1.65,1.6,1300,1.85,5200,0,184600
LICHSGFIN30Jan20480CE.NFO,07/01/2020,11:39:46,1.65,1.55,1300,1.75,1300,0,184600
LICHSGFIN30Jan20480CE.NFO,07/01/2020,11:41:56,1.65,1.55,1300,1.75,2600,0,184600
LICHSGFIN30Jan20480CE.NFO,07/01/2020,11:42:13,1.65,1.55,1300,1.75,3900,0,184600
LICHSGFIN30Jan20480CE.NFO,07/01/2020,11:42:38,1.65,1.55,1300,1.75,1300,0,184600
LICHSGFIN30Jan20480CE.NFO,07/01/2020,11:42:52,1.65,1.55,1300,1.75,3900,0,184600
LICHSGFIN30Jan20480CE.NFO,07/01/2020,11:43:16,1.65,1.55,1300,1.7,2600,0,184600
LICHSGFIN30Jan20480CE.NFO,07/01/2020,11:43:19,1.65,1.55,1300,1.7,1300,0,184600
LICHSGFIN30Jan20480CE.NFO,07/01/2020,11:44:21,1.65,1.55,1300,1.75,2600,0,184600
LICHSGFIN30Jan20480CE.NFO,07/01/2020,11:44:39,1.65,1.6,1300,1.75,1300,0,184600
LICHSGFIN30Jan20480CE.NFO,07/01/2020,11:44:42,1.65,1.55,1300,1.75,2600,0,184600
LICHSGFIN30Jan20480CE.NFO,07/01/2020,11:44:50,1.65,1.55,1300,1.75,1300,0,184600
LICHSGFIN30Jan20480CE.NFO,07/01/2020,11:44:54,1.65,1.55,1300,1.75,3900,0,184600
LICHSGFIN30Jan20480CE.NFO,07/01/2020,11:44:56,1.65,1.55,1300,1.75,1300,0,184600
LICHSGFIN30Jan20480CE.NFO,07/01/2020,11:45:03,1.65,1.55,1300,1.75,3900,0,184600
LICHSGFIN30Jan20480CE.NFO,07/01/2020,11:45:16,1.65,1.6,1300,1.75,1300,0,184600
LICHSGFIN30Jan20480CE.NFO,07/01/2020,11:45:30,1.65,1.55,1300,1.75,2600,0,184600
LICHSGFIN30Jan20480CE.NFO,07/01/2020,11:45:40,1.65,1.55,1300,1.75,3900,0,184600
LICHSGFIN30Jan20480CE.NFO,07/01/2020,11:45:53,1.65,1.55,1300,1.75,2600,0,184600
LICHSGFIN30Jan20480CE.NFO,07/01/2020,11:46:01,1.65,1.55,1300,1.75,3900,0,184600
LICHSGFIN30Jan20480CE.NFO,07/01/2020,11:46:19,1.65,1.55,2600,1.75,3900,0,184600
LICHSGFIN30Jan20480CE.NFO,07/01/2020,11:46:29,1.65,1.55,2600,1.75,2600,0,184600
LICHSGFIN30Jan20480CE.NFO,07/01/2020,11:46:38,1.65,1.55,2600,1.75,3900,0,184600
LICHSGFIN30Jan20480CE.NFO,07/01/2020,11:47:05,1.65,1.55,2600,1.75,2600,0,184600
LICHSGFIN30Jan20480CE.NFO,07/01/2020,11:47:11,1.65,1.6,1300,1.75,2600,0,184600
LICHSGFIN30Jan20480CE.NFO,07/01/2020,11:47:14,1.65,1.6,1300,1.75,3900,0,184600
LICHSGFIN30Jan20480CE.NFO,07/01/2020,11:47:30,1.65,1.6,1300,1.75,2600,0,184600
LICHSGFIN30Jan20480CE.NFO,07/01/2020,11:47:33,1.65,1.6,1300,1.75,3900,0,184600
LICHSGFIN30Jan20480CE.NFO,07/01/2020,11:47:40,1.65,1.55,3900,1.75,3900,0,184600
LICHSGFIN30Jan20480CE.NFO,07/01/2020,11:47:50,1.65,1.6,1300,1.75,2600,0,184600
LICHSGFIN30Jan20480CE.NFO,07/01/2020,11:47:55,1.65,1.6,1300,1.75,1300,0,184600
LICHSGFIN30Jan20480CE.NFO,07/01/2020,11:48:03,1.65,1.55,2600,1.75,2600,0,184600
LICHSGFIN30Jan20480CE.NFO,07/01/2020,11:48:19,1.65,1.6,1300,1.75,1300,0,184600
LICHSGFIN30Jan20480CE.NFO,07/01/2020,11:48:52,1.65,1.6,1300,1.75,2600,0,184600
LICHSGFIN30Jan20480CE.NFO,07/01/2020,11:48:57,1.65,1.6,1300,1.75,1300,0,184600
LICHSGFIN30Jan20480CE.NFO,07/01/2020,11:49:20,1.65,1.6,1300,1.75,2600,0,184600
LICHSGFIN30Jan20480CE.NFO,07/01/2020,11:49:22,1.65,1.6,1300,1.75,1300,0,184600
LICHSGFIN30Jan20480CE.NFO,07/01/2020,11:49:55,1.65,1.6,1300,1.75,2600,0,184600
LICHSGFIN30Jan20480CE.NFO,07/01/2020,11:50:17,1.65,1.55,2600,1.75,2600,0,184600
LICHSGFIN30Jan20480CE.NFO,07/01/2020,11:50:22,1.65,1.55,2600,1.75,3900,0,184600
LICHSGFIN30Jan20480CE.NFO,07/01/2020,11:50:27,1.65,1.6,1300,1.75,1300,0,184600
LICHSGFIN30Jan20480CE.NFO,07/01/2020,11:50:43,1.65,1.6,1300,1.75,2600,0,184600
LICHSGFIN30Jan20480CE.NFO,07/01/2020,11:51:04,1.65,1.55,2600,1.75,3900,0,184600
LICHSGFIN30Jan20480CE.NFO,07/01/2020,11:52:27,1.65,1.6,1300,1.75,3900,0,184600
LICHSGFIN30Jan20480CE.NFO,07/01/2020,11:52:54,1.65,1.6,1300,1.75,2600,0,184600
LICHSGFIN30Jan20480CE.NFO,07/01/2020,11:52:58,1.65,1.6,1300,1.75,3900,0,184600
LICHSGFIN30Jan20480CE.NFO,07/01/2020,11:53:04,1.65,1.6,1300,1.75,2600,0,184600
LICHSGFIN30Jan20480CE.NFO,07/01/2020,11:53:08,1.65,1.6,1300,1.75,3900,0,184600
LICHSGFIN30Jan20480CE.NFO,07/01/2020,11:53:18,1.65,1.6,1300,1.75,2600,0,184600
LICHSGFIN30Jan20480CE.NFO,07/01/2020,11:53:26,1.65,1.55,2600,1.75,3900,0,184600
LICHSGFIN30Jan20480CE.NFO,07/01/2020,11:53:32,1.65,1.55,2600,1.75,2600,0,184600
LICHSGFIN30Jan20480CE.NFO,07/01/2020,11:53:41,1.65,1.55,2600,1.75,3900,0,184600
LICHSGFIN30Jan20480CE.NFO,07/01/2020,11:54:00,1.65,1.55,2600,1.75,2600,0,184600
LICHSGFIN30Jan20480CE.NFO,07/01/2020,11:54:14,1.65,1.55,2600,1.65,1300,0,184600
LICHSGFIN30Jan20480CE.NFO,07/01/2020,11:55:59,1.65,1.55,2600,1.7,1300,0,184600
LICHSGFIN30Jan20480CE.NFO,07/01/2020,11:56:15,1.65,1.55,2600,1.7,2600,0,184600
LICHSGFIN30Jan20480CE.NFO,07/01/2020,11:56:26,1.65,1.55,2600,1.7,1300,0,184600
LICHSGFIN30Jan20480CE.NFO,07/01/2020,11:56:30,1.65,1.55,1300,1.7,1300,0,184600
LICHSGFIN30Jan20480CE.NFO,07/01/2020,11:57:47,1.65,1.55,1300,1.7,2600,0,184600
LICHSGFIN30Jan20480CE.NFO,07/01/2020,11:57:52,1.65,1.6,1300,1.7,2600,0,184600
LICHSGFIN30Jan20480CE.NFO,07/01/2020,11:58:10,1.65,1.6,1300,1.7,1300,0,184600
LICHSGFIN30Jan20480CE.NFO,07/01/2020,11:58:16,1.65,1.55,2600,1.7,1300,0,184600
LICHSGFIN30Jan20480CE.NFO,07/01/2020,11:59:17,1.65,1.55,2600,1.7,2600,0,184600
LICHSGFIN30Jan20480CE.NFO,07/01/2020,11:59:35,1.65,1.55,2600,1.7,1300,0,184600
LICHSGFIN30Jan20480CE.NFO,07/01/2020,11:59:51,1.65,1.55,2600,1.7,2600,0,184600
LICHSGFIN30Jan20480CE.NFO,07/01/2020,12:00:18,1.65,1.55,2600,1.7,1300,0,184600
LICHSGFIN30Jan20480CE.NFO,07/01/2020,12:02:38,1.65,1.55,2600,1.75,2600,0,184600
LICHSGFIN30Jan20480CE.NFO,07/01/2020,12:02:50,1.65,1.55,2600,1.75,1300,0,184600
LICHSGFIN30Jan20480CE.NFO,07/01/2020,12:03:25,1.65,1.55,2600,1.75,2600,0,184600
LICHSGFIN30Jan20480CE.NFO,07/01/2020,12:06:13,1.65,1.6,1300,1.75,1300,0,184600
LICHSGFIN30Jan20480CE.NFO,07/01/2020,12:07:33,1.65,1.6,1300,1.85,3900,0,184600
LICHSGFIN30Jan20480CE.NFO,07/01/2020,12:08:11,1.65,1.6,1300,1.85,2600,0,184600
LICHSGFIN30Jan20480CE.NFO,07/01/2020,12:08:29,1.65,1.6,1300,1.85,3900,0,184600
LICHSGFIN30Jan20480CE.NFO,07/01/2020,12:08:33,1.65,1.6,1300,1.85,2600,0,184600
LICHSGFIN30Jan20480CE.NFO,07/01/2020,12:08:36,1.65,1.6,1300,1.85,3900,0,184600
LICHSGFIN30Jan20480CE.NFO,07/01/2020,12:10:13,1.65,1.6,1300,1.85,2600,0,184600
LICHSGFIN30Jan20480CE.NFO,07/01/2020,12:10:20,1.65,1.6,1300,1.85,3900,0,184600
LICHSGFIN30Jan20480CE.NFO,07/01/2020,12:13:10,1.65,1.6,1300,1.85,2600,0,184600
LICHSGFIN30Jan20480CE.NFO,07/01/2020,12:14:06,1.65,1.6,1300,1.85,3900,0,184600
LICHSGFIN30Jan20480CE.NFO,07/01/2020,12:14:20,1.65,1.6,1300,1.85,2600,0,184600
LICHSGFIN30Jan20480CE.NFO,07/01/2020,12:15:33,1.65,1.6,1300,1.85,3900,0,184600
LICHSGFIN30Jan20480CE.NFO,07/01/2020,12:15:53,1.65,1.6,1300,1.85,2600,0,184600
LICHSGFIN30Jan20480CE.NFO,07/01/2020,12:15:57,1.65,1.6,1300,1.85,3900,0,184600
LICHSGFIN30Jan20480CE.NFO,07/01/2020,12:16:14,1.65,1.6,1300,1.85,2600,0,184600
LICHSGFIN30Jan20480CE.NFO,07/01/2020,12:19:58,1.65,1.6,1300,1.85,3900,0,184600
LICHSGFIN30Jan20480CE.NFO,07/01/2020,12:20:05,1.65,1.6,1300,1.85,2600,0,184600
LICHSGFIN30Jan20480CE.NFO,07/01/2020,12:20:30,1.65,1.6,1300,1.85,3900,0,184600
LICHSGFIN30Jan20480CE.NFO,07/01/2020,12:20:35,1.65,1.6,1300,1.85,5200,0,184600
LICHSGFIN30Jan20480CE.NFO,07/01/2020,12:20:59,1.65,1.6,1300,1.85,2600,0,184600
LICHSGFIN30Jan20480CE.NFO,07/01/2020,12:21:03,1.65,1.6,1300,1.85,3900,0,184600
LICHSGFIN30Jan20480CE.NFO,07/01/2020,12:21:07,1.65,1.6,1300,1.85,5200,0,184600
LICHSGFIN30Jan20480CE.NFO,07/01/2020,12:23:19,1.65,1.6,1300,1.85,3900,0,184600
LICHSGFIN30Jan20480CE.NFO,07/01/2020,12:23:24,1.65,1.6,1300,1.85,5200,0,184600
LICHSGFIN30Jan20480CE.NFO,07/01/2020,12:24:17,1.65,1.6,1300,1.85,3900,0,184600
LICHSGFIN30Jan20480CE.NFO,07/01/2020,12:24:36,1.65,1.6,1300,1.85,5200,0,184600
LICHSGFIN30Jan20480CE.NFO,07/01/2020,12:26:03,1.65,1.6,1300,1.85,3900,0,184600
LICHSGFIN30Jan20480CE.NFO,07/01/2020,12:28:58,1.65,1.6,1300,1.75,1300,0,184600
LICHSGFIN30Jan20480CE.NFO,07/01/2020,12:29:38,1.65,1.55,1300,1.75,1300,0,184600
LICHSGFIN30Jan20480CE.NFO,07/01/2020,12:29:52,1.65,1.6,1300,1.75,1300,0,184600
LICHSGFIN30Jan20480CE.NFO,07/01/2020,12:29:56,1.65,1.55,1300,1.75,1300,0,184600
LICHSGFIN30Jan20480CE.NFO,07/01/2020,12:30:17,1.65,1.6,1300,1.75,1300,0,184600
LICHSGFIN30Jan20480CE.NFO,07/01/2020,12:31:11,1.65,1.6,1300,1.8,1300,0,184600
LICHSGFIN30Jan20480CE.NFO,07/01/2020,12:32:50,1.65,1.6,1300,1.8,3900,0,184600
LICHSGFIN30Jan20480CE.NFO,07/01/2020,12:32:54,1.65,1.55,1300,1.8,3900,0,184600
LICHSGFIN30Jan20480CE.NFO,07/01/2020,12:33:15,1.65,1.55,1300,1.7,1300,0,184600
LICHSGFIN30Jan20480CE.NFO,07/01/2020,12:41:48,1.65,1.55,1300,1.7,2600,0,184600
LICHSGFIN30Jan20480CE.NFO,07/01/2020,12:42:11,1.65,1.55,1300,1.7,1300,0,184600
LICHSGFIN30Jan20480CE.NFO,07/01/2020,12:42:37,1.65,1.55,1300,1.7,2600,0,184600
LICHSGFIN30Jan20480CE.NFO,07/01/2020,12:43:56,1.65,1.55,1300,1.7,1300,0,184600
LICHSGFIN30Jan20480CE.NFO,07/01/2020,12:45:50,1.65,1.55,1300,1.75,1300,0,184600
LICHSGFIN30Jan20480CE.NFO,07/01/2020,12:45:56,1.65,1.55,1300,1.75,2600,0,184600
LICHSGFIN30Jan20480CE.NFO,07/01/2020,12:46:09,1.65,1.55,1300,1.75,1300,0,184600
LICHSGFIN30Jan20480CE.NFO,07/01/2020,12:48:05,1.65,1.6,1300,1.75,1300,0,184600
LICHSGFIN30Jan20480CE.NFO,07/01/2020,12:48:23,1.65,1.55,1300,1.75,1300,0,184600
LICHSGFIN30Jan20480CE.NFO,07/01/2020,12:50:38,1.65,1.6,1300,1.8,2600,0,184600
LICHSGFIN30Jan20480CE.NFO,07/01/2020,12:52:20,1.65,1.55,1300,1.8,2600,0,184600
LICHSGFIN30Jan20480CE.NFO,07/01/2020,12:53:19,1.65,1.55,1300,1.75,1300,0,184600
LICHSGFIN30Jan20480CE.NFO,07/01/2020,12:53:57,1.65,1.6,1300,1.8,2600,0,184600
LICHSGFIN30Jan20480CE.NFO,07/01/2020,12:54:46,1.65,1.6,1300,1.85,3900,0,184600
LICHSGFIN30Jan20480CE.NFO,07/01/2020,12:54:50,1.65,1.75,1300,1.85,1300,0,184600
LICHSGFIN30Jan20480CE.NFO,07/01/2020,12:54:54,1.65,1.7,1300,1.85,1300,0,184600
LICHSGFIN30Jan20480CE.NFO,07/01/2020,12:54:59,1.65,1.65,1300,1.85,1300,0,184600
LICHSGFIN30Jan20480CE.NFO,07/01/2020,12:55:02,1.65,1.65,1300,1.85,2600,0,184600
LICHSGFIN30Jan20480CE.NFO,07/01/2020,12:55:13,1.65,1.65,2600,1.85,2600,0,184600
LICHSGFIN30Jan20480CE.NFO,07/01/2020,12:55:39,1.65,1.65,1300,1.85,2600,0,184600
LICHSGFIN30Jan20480CE.NFO,07/01/2020,12:55:45,1.65,1.75,1300,1.85,1300,0,184600
LICHSGFIN30Jan20480CE.NFO,07/01/2020,12:55:51,1.65,1.7,1300,1.85,1300,0,184600
LICHSGFIN30Jan20480CE.NFO,07/01/2020,12:56:06,1.65,1.8,1300,1.85,1300,0,184600
LICHSGFIN30Jan20480CE.NFO,07/01/2020,12:56:13,1.65,1.75,1300,1.85,1300,0,184600
LICHSGFIN30Jan20480CE.NFO,07/01/2020,12:56:25,1.65,1.7,1300,1.85,1300,0,184600
LICHSGFIN30Jan20480CE.NFO,07/01/2020,12:56:32,1.65,1.7,2600,1.85,1300,0,184600
LICHSGFIN30Jan20480CE.NFO,07/01/2020,12:56:36,1.65,1.7,1300,1.85,1300,0,184600
LICHSGFIN30Jan20480CE.NFO,07/01/2020,12:56:51,1.85,1.75,1300,1.95,2600,1300,185900
LICHSGFIN30Jan20480CE.NFO,07/01/2020,12:56:54,1.85,1.75,1300,1.9,1300,0,185900
LICHSGFIN30Jan20480CE.NFO,07/01/2020,12:56:57,1.85,1.7,1300,1.9,1300,0,185900
LICHSGFIN30Jan20480CE.NFO,07/01/2020,12:57:22,1.85,1.7,1300,1.9,2600,0,185900
LICHSGFIN30Jan20480CE.NFO,07/01/2020,12:57:36,1.85,1.65,1300,1.85,2600,0,185900
LICHSGFIN30Jan20480CE.NFO,07/01/2020,12:57:46,1.85,1.65,1300,1.85,3900,0,185900
LICHSGFIN30Jan20480CE.NFO,07/01/2020,12:57:52,1.85,1.65,1300,1.8,1300,0,185900
LICHSGFIN30Jan20480CE.NFO,07/01/2020,12:57:57,1.85,1.65,1300,1.85,3900,0,185900
LICHSGFIN30Jan20480CE.NFO,07/01/2020,12:58:09,1.85,1.65,1300,1.8,2600,0,185900
LICHSGFIN30Jan20480CE.NFO,07/01/2020,12:58:21,1.85,1.65,1300,1.8,1300,0,185900
LICHSGFIN30Jan20480CE.NFO,07/01/2020,12:58:30,1.85,1.65,1300,1.8,2600,0,185900
LICHSGFIN30Jan20480CE.NFO,07/01/2020,12:58:39,1.85,1.65,1300,1.8,1300,0,185900
LICHSGFIN30Jan20480CE.NFO,07/01/2020,12:58:46,1.85,1.65,1300,1.8,2600,0,185900
LICHSGFIN30Jan20480CE.NFO,07/01/2020,12:58:54,1.85,1.65,1300,1.8,1300,0,185900
LICHSGFIN30Jan20480CE.NFO,07/01/2020,12:58:57,1.85,1.65,1300,1.85,3900,0,185900
LICHSGFIN30Jan20480CE.NFO,07/01/2020,12:59:37,1.85,1.6,1300,1.8,1300,0,185900
LICHSGFIN30Jan20480CE.NFO,07/01/2020,12:59:45,1.85,1.55,2600,1.8,1300,0,185900
LICHSGFIN30Jan20480CE.NFO,07/01/2020,12:59:49,1.85,1.55,1300,1.75,2600,0,185900
LICHSGFIN30Jan20480CE.NFO,07/01/2020,12:59:54,1.85,1.55,1300,1.7,2600,0,185900
LICHSGFIN30Jan20480CE.NFO,07/01/2020,12:59:59,1.85,1.55,1300,1.7,1300,0,185900
LICHSGFIN30Jan20480CE.NFO,07/01/2020,13:00:09,1.85,1.55,1300,1.65,1300,0,185900
LICHSGFIN30Jan20480CE.NFO,07/01/2020,13:00:17,1.55,1.45,1300,1.7,1300,1300,185900
LICHSGFIN30Jan20480CE.NFO,07/01/2020,13:00:24,1.55,1.45,2600,1.75,2600,0,185900
LICHSGFIN30Jan20480CE.NFO,07/01/2020,13:00:29,1.55,1.45,2600,1.75,1300,0,185900
LICHSGFIN30Jan20480CE.NFO,07/01/2020,13:00:45,1.55,1.55,1300,1.8,1300,0,185900
LICHSGFIN30Jan20480CE.NFO,07/01/2020,13:00:51,1.55,1.55,1300,1.8,2600,0,185900
LICHSGFIN30Jan20480CE.NFO,07/01/2020,13:01:01,1.55,1.5,1300,1.8,2600,0,185900
LICHSGFIN30Jan20480CE.NFO,07/01/2020,13:01:09,1.55,1.5,1300,1.75,1300,0,185900
LICHSGFIN30Jan20480CE.NFO,07/01/2020,13:01:47,1.55,1.5,1300,1.75,2600,0,185900
LICHSGFIN30Jan20480CE.NFO,07/01/2020,13:01:59,1.55,1.5,1300,1.75,1300,0,185900
LICHSGFIN30Jan20480CE.NFO,07/01/2020,13:02:16,1.55,1.5,1300,1.75,2600,0,185900
LICHSGFIN30Jan20480CE.NFO,07/01/2020,13:02:27,1.55,1.5,1300,1.75,3900,0,185900
LICHSGFIN30Jan20480CE.NFO,07/01/2020,13:02:33,1.55,1.5,1300,1.75,2600,0,185900
LICHSGFIN30Jan20480CE.NFO,07/01/2020,13:02:43,1.55,1.5,1300,1.75,1300,0,185900
LICHSGFIN30Jan20480CE.NFO,07/01/2020,13:03:58,1.55,1.5,2600,1.75,1300,0,185900
LICHSGFIN30Jan20480CE.NFO,07/01/2020,13:04:03,1.55,1.5,1300,1.75,1300,0,185900
LICHSGFIN30Jan20480CE.NFO,07/01/2020,13:04:08,1.55,1.5,1300,1.8,2600,0,185900
LICHSGFIN30Jan20480CE.NFO,07/01/2020,13:04:13,1.55,1.5,1300,1.8,1300,0,185900
LICHSGFIN30Jan20480CE.NFO,07/01/2020,13:04:21,1.55,1.5,1300,1.8,3900,0,185900
LICHSGFIN30Jan20480CE.NFO,07/01/2020,13:04:25,1.55,1.5,1300,1.8,2600,0,185900
LICHSGFIN30Jan20480CE.NFO,07/01/2020,13:04:47,1.55,1.5,1300,1.75,2600,0,185900
LICHSGFIN30Jan20480CE.NFO,07/01/2020,13:04:54,1.55,1.5,1300,1.75,1300,0,185900
LICHSGFIN30Jan20480CE.NFO,07/01/2020,13:05:56,1.55,1.45,1300,1.75,1300,0,185900
LICHSGFIN30Jan20480CE.NFO,07/01/2020,13:08:20,1.55,1.45,1300,1.75,2600,0,185900
LICHSGFIN30Jan20480CE.NFO,07/01/2020,13:08:38,1.55,1.45,1300,1.75,1300,0,185900
LICHSGFIN30Jan20480CE.NFO,07/01/2020,13:08:46,1.55,1.45,1300,1.75,2600,0,185900
LICHSGFIN30Jan20480CE.NFO,07/01/2020,13:09:42,1.55,1.45,1300,1.75,1300,0,185900
LICHSGFIN30Jan20480CE.NFO,07/01/2020,13:10:53,1.55,1.45,1300,1.75,2600,0,185900
LICHSGFIN30Jan20480CE.NFO,07/01/2020,13:11:24,1.55,1.45,1300,1.65,1300,0,185900
LICHSGFIN30Jan20480CE.NFO,07/01/2020,13:11:29,1.55,1.45,1300,1.7,1300,0,185900
LICHSGFIN30Jan20480CE.NFO,07/01/2020,13:11:33,1.55,1.45,1300,1.7,2600,0,185900
LICHSGFIN30Jan20480CE.NFO,07/01/2020,13:11:38,1.55,1.45,1300,1.7,1300,0,185900
LICHSGFIN30Jan20480CE.NFO,07/01/2020,13:14:07,1.55,1.45,1300,1.7,2600,0,185900
LICHSGFIN30Jan20480CE.NFO,07/01/2020,13:14:12,1.55,1.5,1300,1.7,1300,0,185900
LICHSGFIN30Jan20480CE.NFO,07/01/2020,13:14:25,1.55,1.5,1300,1.7,2600,0,185900
LICHSGFIN30Jan20480CE.NFO,07/01/2020,13:14:34,1.55,1.5,1300,1.7,1300,0,185900
LICHSGFIN30Jan20480CE.NFO,07/01/2020,13:15:03,1.55,1.5,1300,1.7,2600,0,185900
LICHSGFIN30Jan20480CE.NFO,07/01/2020,13:15:11,1.55,1.5,1300,1.65,2600,0,185900
LICHSGFIN30Jan20480CE.NFO,07/01/2020,13:15:20,1.55,1.5,1300,1.7,1300,0,185900
LICHSGFIN30Jan20480CE.NFO,07/01/2020,13:15:34,1.55,1.5,1300,1.7,2600,0,185900
LICHSGFIN30Jan20480CE.NFO,07/01/2020,13:15:47,1.55,1.5,1300,1.7,1300,0,185900
LICHSGFIN30Jan20480CE.NFO,07/01/2020,13:17:44,1.55,1.5,1300,1.7,2600,0,185900
LICHSGFIN30Jan20480CE.NFO,07/01/2020,13:17:49,1.55,1.5,1300,1.7,1300,0,185900
LICHSGFIN30Jan20480CE.NFO,07/01/2020,13:18:32,1.55,1.5,1300,1.7,1300,1300,185900
LICHSGFIN30Jan20480CE.NFO,07/01/2020,13:18:38,1.55,1.5,1300,1.7,1300,0,184600
LICHSGFIN30Jan20480CE.NFO,07/01/2020,13:19:10,1.55,1.5,1300,1.65,1300,0,184600
LICHSGFIN30Jan20480CE.NFO,07/01/2020,13:19:40,1.55,1.5,1300,1.65,2600,0,184600
LICHSGFIN30Jan20480CE.NFO,07/01/2020,13:19:44,1.55,1.5,1300,1.65,1300,0,184600
LICHSGFIN30Jan20480CE.NFO,07/01/2020,13:20:16,1.55,1.5,1300,1.7,1300,0,184600
LICHSGFIN30Jan20480CE.NFO,07/01/2020,13:20:37,1.55,1.5,1300,1.7,2600,0,184600
LICHSGFIN30Jan20480CE.NFO,07/01/2020,13:20:54,1.55,1.5,1300,1.7,2600,1300,184600
LICHSGFIN30Jan20480CE.NFO,07/01/2020,13:21:03,1.55,1.5,1300,1.7,2600,0,184600
LICHSGFIN30Jan20480CE.NFO,07/01/2020,13:24:21,1.55,1.5,1300,1.7,3900,0,184600
LICHSGFIN30Jan20480CE.NFO,07/01/2020,13:24:26,1.55,1.5,1300,1.7,2600,0,184600
LICHSGFIN30Jan20480CE.NFO,07/01/2020,13:25:09,1.55,1.5,1300,1.7,1300,0,184600
LICHSGFIN30Jan20480CE.NFO,07/01/2020,13:26:28,1.55,1.5,1300,1.75,1300,0,184600
LICHSGFIN30Jan20480CE.NFO,07/01/2020,13:26:34,1.55,1.5,1300,1.7,2600,0,184600
LICHSGFIN30Jan20480CE.NFO,07/01/2020,13:26:45,1.55,1.5,1300,1.7,1300,0,184600
LICHSGFIN30Jan20480CE.NFO,07/01/2020,13:27:16,1.55,1.5,1300,1.75,1300,0,184600
LICHSGFIN30Jan20480CE.NFO,07/01/2020,13:27:35,1.55,1.5,1300,1.7,2600,0,184600
LICHSGFIN30Jan20480CE.NFO,07/01/2020,13:28:57,1.55,1.5,1300,1.7,5200,0,184600
LICHSGFIN30Jan20480CE.NFO,07/01/2020,13:29:04,1.55,1.5,1300,1.7,2600,0,184600
LICHSGFIN30Jan20480CE.NFO,07/01/2020,13:29:23,1.55,1.5,1300,1.7,3900,0,184600
LICHSGFIN30Jan20480CE.NFO,07/01/2020,13:30:13,1.55,1.5,1300,1.7,2600,0,184600
LICHSGFIN30Jan20480CE.NFO,07/01/2020,13:30:18,1.55,1.5,1300,1.7,3900,0,184600
LICHSGFIN30Jan20480CE.NFO,07/01/2020,13:30:54,1.55,1.5,1300,1.6,1300,0,184600
LICHSGFIN30Jan20480CE.NFO,07/01/2020,13:31:19,1.5,1.4,2600,1.6,1300,1300,184600
LICHSGFIN30Jan20480CE.NFO,07/01/2020,13:31:24,1.5,1.4,2600,1.6,1300,0,184600
LICHSGFIN30Jan20480CE.NFO,07/01/2020,13:35:05,1.5,1.4,2600,1.65,2600,0,184600
LICHSGFIN30Jan20480CE.NFO,07/01/2020,13:38:21,1.5,1.5,1300,1.65,2600,0,184600
LICHSGFIN30Jan20480CE.NFO,07/01/2020,13:42:17,1.5,1.5,1300,1.7,2600,0,184600
LICHSGFIN30Jan20480CE.NFO,07/01/2020,13:42:31,1.5,1.5,1300,1.65,1300,0,184600
LICHSGFIN30Jan20480CE.NFO,07/01/2020,13:44:54,1.55,1.5,1300,1.65,1300,1300,184600
LICHSGFIN30Jan20480CE.NFO,07/01/2020,13:44:58,1.55,1.5,1300,1.65,1300,0,184600
LICHSGFIN30Jan20480CE.NFO,07/01/2020,13:46:51,1.55,1.5,1300,1.7,2600,0,184600
LICHSGFIN30Jan20480CE.NFO,07/01/2020,13:47:05,1.55,1.6,1300,1.7,2600,0,184600
LICHSGFIN30Jan20480CE.NFO,07/01/2020,13:47:17,1.7,1.55,1300,1.65,1300,1300,184600
LICHSGFIN30Jan20480CE.NFO,07/01/2020,13:47:22,1.7,1.55,1300,1.7,2600,0,184600
LICHSGFIN30Jan20480CE.NFO,07/01/2020,13:47:32,1.7,1.6,2600,1.7,2600,0,184600
LICHSGFIN30Jan20480CE.NFO,07/01/2020,13:47:44,1.7,1.6,1300,1.7,2600,0,184600
LICHSGFIN30Jan20480CE.NFO,07/01/2020,13:47:52,1.7,1.6,1300,1.7,3900,0,184600
LICHSGFIN30Jan20480CE.NFO,07/01/2020,13:48:23,1.6,1.6,1300,1.7,2600,1300,185900
LICHSGFIN30Jan20480CE.NFO,07/01/2020,13:48:28,1.6,1.55,1300,1.7,3900,0,185900
LICHSGFIN30Jan20480CE.NFO,07/01/2020,13:48:47,1.6,1.55,1300,1.7,2600,0,185900
LICHSGFIN30Jan20480CE.NFO,07/01/2020,13:48:57,1.6,1.55,1300,1.7,1300,0,185900
LICHSGFIN30Jan20480CE.NFO,07/01/2020,13:49:04,1.6,1.55,1300,1.7,2600,0,185900
LICHSGFIN30Jan20480CE.NFO,07/01/2020,13:51:01,1.65,1.6,1300,1.7,2600,1300,185900
LICHSGFIN30Jan20480CE.NFO,07/01/2020,13:51:13,1.65,1.6,1300,1.7,2600,0,185900
LICHSGFIN30Jan20480CE.NFO,07/01/2020,13:51:49,1.65,1.6,1300,1.7,3900,0,185900
LICHSGFIN30Jan20480CE.NFO,07/01/2020,13:51:53,1.65,1.55,1300,1.7,3900,1300,183300
LICHSGFIN30Jan20480CE.NFO,07/01/2020,13:51:58,1.65,1.55,1300,1.7,3900,0,183300
LICHSGFIN30Jan20480CE.NFO,07/01/2020,13:52:02,1.65,1.55,1300,1.7,2600,0,183300
LICHSGFIN30Jan20480CE.NFO,07/01/2020,13:52:20,1.65,1.55,1300,1.7,3900,0,183300
LICHSGFIN30Jan20480CE.NFO,07/01/2020,13:52:24,1.65,1.55,1300,1.7,2600,0,183300
LICHSGFIN30Jan20480CE.NFO,07/01/2020,13:53:07,1.65,1.55,1300,1.65,2600,0,183300
LICHSGFIN30Jan20480CE.NFO,07/01/2020,13:53:44,1.65,1.45,1300,1.65,3900,0,183300
LICHSGFIN30Jan20480CE.NFO,07/01/2020,13:54:05,1.65,1.45,1300,1.65,2600,0,183300
LICHSGFIN30Jan20480CE.NFO,07/01/2020,13:54:10,1.65,1.45,1300,1.65,3900,0,183300
LICHSGFIN30Jan20480CE.NFO,07/01/2020,13:54:15,1.65,1.45,1300,1.65,2600,0,183300
LICHSGFIN30Jan20480CE.NFO,07/01/2020,13:54:45,1.65,1.45,1300,1.65,3900,0,183300
LICHSGFIN30Jan20480CE.NFO,07/01/2020,13:54:50,1.65,1.45,1300,1.65,2600,0,183300
LICHSGFIN30Jan20480CE.NFO,07/01/2020,13:56:13,1.65,1.45,1300,1.65,3900,0,183300
LICHSGFIN30Jan20480CE.NFO,07/01/2020,13:56:18,1.65,1.45,1300,1.65,2600,0,183300
LICHSGFIN30Jan20480CE.NFO,07/01/2020,13:58:31,1.65,1.45,1300,1.65,3900,0,183300
LICHSGFIN30Jan20480CE.NFO,07/01/2020,13:58:38,1.65,1.45,1300,1.65,2600,0,183300
LICHSGFIN30Jan20480CE.NFO,07/01/2020,13:59:02,1.65,1.45,1300,1.65,1300,0,183300
LICHSGFIN30Jan20480CE.NFO,07/01/2020,13:59:07,1.65,1.45,1300,1.65,2600,0,183300
LICHSGFIN30Jan20480CE.NFO,07/01/2020,14:00:48,1.65,1.45,1300,1.65,1300,0,183300
LICHSGFIN30Jan20480CE.NFO,07/01/2020,14:01:06,1.65,1.45,1300,1.65,2600,0,183300
LICHSGFIN30Jan20480CE.NFO,07/01/2020,14:01:35,1.65,1.45,1300,1.65,1300,0,183300
LICHSGFIN30Jan20480CE.NFO,07/01/2020,14:01:42,1.65,1.45,1300,1.65,2600,0,183300
LICHSGFIN30Jan20480CE.NFO,07/01/2020,14:02:45,1.65,1.45,1300,1.65,1300,0,183300
LICHSGFIN30Jan20480CE.NFO,07/01/2020,14:03:02,1.65,1.45,1300,1.65,2600,0,183300
LICHSGFIN30Jan20480CE.NFO,07/01/2020,14:03:39,1.65,1.45,1300,1.65,1300,0,183300
LICHSGFIN30Jan20480CE.NFO,07/01/2020,14:04:01,1.65,1.45,1300,1.65,2600,0,183300
LICHSGFIN30Jan20480CE.NFO,07/01/2020,14:04:13,1.65,1.45,1300,1.65,1300,0,183300
LICHSGFIN30Jan20480CE.NFO,07/01/2020,14:04:56,1.65,1.45,1300,1.65,2600,0,183300
LICHSGFIN30Jan20480CE.NFO,07/01/2020,14:05:56,1.65,1.45,1300,1.65,3900,0,183300
LICHSGFIN30Jan20480CE.NFO,07/01/2020,14:06:00,1.65,1.45,1300,1.65,2600,0,183300
LICHSGFIN30Jan20480CE.NFO,07/01/2020,14:06:28,1.65,1.45,1300,1.65,3900,0,183300
LICHSGFIN30Jan20480CE.NFO,07/01/2020,14:07:20,1.65,1.45,1300,1.6,2600,0,183300
LICHSGFIN30Jan20480CE.NFO,07/01/2020,14:07:34,1.65,1.45,1300,1.6,1300,0,183300
LICHSGFIN30Jan20480CE.NFO,07/01/2020,14:08:29,1.65,1.45,1300,1.65,2600,0,183300
LICHSGFIN30Jan20480CE.NFO,07/01/2020,14:08:50,1.65,1.45,1300,1.6,2600,0,183300
LICHSGFIN30Jan20480CE.NFO,07/01/2020,14:09:54,1.65,1.45,1300,1.6,1300,0,183300
LICHSGFIN30Jan20480CE.NFO,07/01/2020,14:10:02,1.65,1.45,1300,1.65,1300,0,183300
LICHSGFIN30Jan20480CE.NFO,07/01/2020,14:10:10,1.65,1.45,1300,1.6,2600,0,183300
LICHSGFIN30Jan20480CE.NFO,07/01/2020,14:13:27,1.65,1.45,1300,1.6,1300,0,183300
LICHSGFIN30Jan20480CE.NFO,07/01/2020,14:13:35,1.65,1.45,1300,1.65,1300,0,183300
LICHSGFIN30Jan20480CE.NFO,07/01/2020,14:16:04,1.65,1.45,1300,1.6,2600,0,183300
LICHSGFIN30Jan20480CE.NFO,07/01/2020,14:16:19,1.65,1.45,1300,1.6,1300,0,183300
LICHSGFIN30Jan20480CE.NFO,07/01/2020,14:17:15,1.65,1.45,1300,1.6,2600,0,183300
LICHSGFIN30Jan20480CE.NFO,07/01/2020,14:18:20,1.65,1.45,1300,1.6,1300,0,183300
LICHSGFIN30Jan20480CE.NFO,07/01/2020,14:18:27,1.65,1.45,1300,1.6,2600,0,183300
LICHSGFIN30Jan20480CE.NFO,07/01/2020,14:20:31,1.65,1.45,1300,1.6,1300,0,183300
LICHSGFIN30Jan20480CE.NFO,07/01/2020,14:24:11,1.65,1.4,3900,1.55,2600,0,183300
LICHSGFIN30Jan20480CE.NFO,07/01/2020,14:24:52,1.65,1.4,3900,1.55,1300,0,183300
LICHSGFIN30Jan20480CE.NFO,07/01/2020,14:27:16,1.65,1.4,3900,1.6,1300,0,183300
LICHSGFIN30Jan20480CE.NFO,07/01/2020,14:30:27,1.65,1.4,3900,1.7,2600,0,183300
LICHSGFIN30Jan20480CE.NFO,07/01/2020,14:30:44,1.65,1.4,5200,1.7,2600,0,183300
LICHSGFIN30Jan20480CE.NFO,07/01/2020,14:31:42,1.65,1.4,3900,1.7,2600,0,183300
LICHSGFIN30Jan20480CE.NFO,07/01/2020,14:31:58,1.65,1.4,3900,1.7,3900,0,183300
LICHSGFIN30Jan20480CE.NFO,07/01/2020,14:32:05,1.65,1.4,3900,1.65,2600,0,183300
LICHSGFIN30Jan20480CE.NFO,07/01/2020,14:33:10,1.65,1.5,1300,1.65,1300,0,183300
LICHSGFIN30Jan20480CE.NFO,07/01/2020,14:34:18,1.65,1.5,1300,1.65,2600,0,183300
LICHSGFIN30Jan20480CE.NFO,07/01/2020,14:36:35,1.65,1.5,1300,1.7,1300,2600,183300
LICHSGFIN30Jan20480CE.NFO,07/01/2020,14:36:40,1.65,1.5,1300,1.7,1300,0,183300
LICHSGFIN30Jan20480CE.NFO,07/01/2020,14:37:49,1.65,1.5,1300,1.65,1300,0,183300
LICHSGFIN30Jan20480CE.NFO,07/01/2020,14:38:48,1.65,1.5,1300,1.7,1300,0,183300
LICHSGFIN30Jan20480CE.NFO,07/01/2020,14:39:09,1.65,1.5,1300,1.65,1300,0,183300
LICHSGFIN30Jan20480CE.NFO,07/01/2020,14:39:28,1.65,1.5,1300,1.7,1300,0,183300
LICHSGFIN30Jan20480CE.NFO,07/01/2020,14:39:35,1.65,1.5,1300,1.65,2600,0,183300
LICHSGFIN30Jan20480CE.NFO,07/01/2020,14:40:28,1.65,1.5,1300,1.65,1300,0,183300
LICHSGFIN30Jan20480CE.NFO,07/01/2020,14:45:15,1.65,1.45,1300,1.65,1300,0,183300
LICHSGFIN30Jan20480CE.NFO,07/01/2020,14:46:22,1.65,1.45,1300,1.6,2600,0,183300
LICHSGFIN30Jan20480CE.NFO,07/01/2020,14:46:38,1.65,1.45,1300,1.6,1300,0,183300
LICHSGFIN30Jan20480CE.NFO,07/01/2020,14:46:43,1.65,1.45,1300,1.7,2600,0,183300
LICHSGFIN30Jan20480CE.NFO,07/01/2020,14:46:50,1.65,1.45,1300,1.7,5200,0,183300
LICHSGFIN30Jan20480CE.NFO,07/01/2020,14:46:56,1.65,1.45,1300,1.6,1300,0,183300
LICHSGFIN30Jan20480CE.NFO,07/01/2020,14:47:02,1.65,1.45,1300,1.6,2600,0,183300
LICHSGFIN30Jan20480CE.NFO,07/01/2020,14:49:01,1.65,1.45,1300,1.6,3900,0,183300
LICHSGFIN30Jan20480CE.NFO,07/01/2020,14:49:21,1.65,1.45,1300,1.6,2600,0,183300
LICHSGFIN30Jan20480CE.NFO,07/01/2020,14:49:29,1.65,1.45,1300,1.6,3900,0,183300
LICHSGFIN30Jan20480CE.NFO,07/01/2020,14:50:03,1.65,1.45,1300,1.65,3900,0,183300
LICHSGFIN30Jan20480CE.NFO,07/01/2020,14:50:08,1.65,1.45,1300,1.65,2600,0,183300
LICHSGFIN30Jan20480CE.NFO,07/01/2020,14:50:13,1.65,1.45,1300,1.6,2600,0,183300
LICHSGFIN30Jan20480CE.NFO,07/01/2020,14:50:19,1.65,1.45,1300,1.6,3900,0,183300
LICHSGFIN30Jan20480CE.NFO,07/01/2020,14:50:41,1.65,1.45,1300,1.6,5200,0,183300
LICHSGFIN30Jan20480CE.NFO,07/01/2020,14:50:47,1.65,1.45,1300,1.6,3900,0,183300
LICHSGFIN30Jan20480CE.NFO,07/01/2020,14:50:57,1.65,1.4,3900,1.55,2600,0,183300
LICHSGFIN30Jan20480CE.NFO,07/01/2020,14:51:27,1.65,1.4,3900,1.55,1300,0,183300
LICHSGFIN30Jan20480CE.NFO,07/01/2020,14:51:41,1.65,1.4,3900,1.6,2600,0,183300
LICHSGFIN30Jan20480CE.NFO,07/01/2020,14:53:22,1.65,1.4,3900,1.65,2600,0,183300
LICHSGFIN30Jan20480CE.NFO,07/01/2020,14:55:10,1.65,1.4,3900,1.65,3900,0,183300
LICHSGFIN30Jan20480CE.NFO,07/01/2020,14:55:16,1.65,1.4,3900,1.65,2600,0,183300
LICHSGFIN30Jan20480CE.NFO,07/01/2020,14:55:25,1.65,1.4,3900,1.65,3900,0,183300
LICHSGFIN30Jan20480CE.NFO,07/01/2020,14:55:34,1.65,1.4,3900,1.6,2600,0,183300
LICHSGFIN30Jan20480CE.NFO,07/01/2020,14:57:25,1.65,1.4,3900,1.6,3900,0,183300
LICHSGFIN30Jan20480CE.NFO,07/01/2020,14:57:28,1.65,1.4,3900,1.6,2600,0,183300
LICHSGFIN30Jan20480CE.NFO,07/01/2020,14:58:58,1.65,1.4,3900,1.6,3900,0,183300
LICHSGFIN30Jan20480CE.NFO,07/01/2020,14:59:30,1.65,1.4,3900,1.6,2600,0,183300
LICHSGFIN30Jan20480CE.NFO,07/01/2020,15:00:06,1.65,1.4,3900,1.65,1300,0,183300
LICHSGFIN30Jan20480CE.NFO,07/01/2020,15:00:36,1.65,1.4,5200,1.65,1300,0,183300
LICHSGFIN30Jan20480CE.NFO,07/01/2020,15:00:59,1.65,1.4,3900,1.6,2600,0,183300
LICHSGFIN30Jan20480CE.NFO,07/01/2020,15:01:31,1.65,1.4,3900,1.6,3900,0,183300
LICHSGFIN30Jan20480CE.NFO,07/01/2020,15:01:47,1.65,1.4,3900,1.6,2600,0,183300
LICHSGFIN30Jan20480CE.NFO,07/01/2020,15:01:52,1.65,1.4,3900,1.6,3900,0,183300
LICHSGFIN30Jan20480CE.NFO,07/01/2020,15:02:35,1.65,1.4,3900,1.6,2600,0,183300
LICHSGFIN30Jan20480CE.NFO,07/01/2020,15:03:00,1.65,1.4,3900,1.65,2600,0,183300
LICHSGFIN30Jan20480CE.NFO,07/01/2020,15:03:05,1.65,1.4,3900,1.65,5200,0,183300
LICHSGFIN30Jan20480CE.NFO,07/01/2020,15:03:16,1.65,1.4,3900,1.65,3900,0,183300
LICHSGFIN30Jan20480CE.NFO,07/01/2020,15:03:42,1.65,1.4,3900,1.65,2600,0,183300
LICHSGFIN30Jan20480CE.NFO,07/01/2020,15:03:59,1.65,1.4,3900,1.65,5200,0,183300
LICHSGFIN30Jan20480CE.NFO,07/01/2020,15:04:19,1.65,1.4,3900,1.65,2600,0,183300
LICHSGFIN30Jan20480CE.NFO,07/01/2020,15:10:13,1.65,1.5,2600,1.65,2600,0,183300
LICHSGFIN30Jan20480CE.NFO,07/01/2020,15:10:45,1.65,1.5,2600,1.7,3900,2600,182000
LICHSGFIN30Jan20480CE.NFO,07/01/2020,15:11:01,1.65,1.5,2600,1.7,2600,0,182000
LICHSGFIN30Jan20480CE.NFO,07/01/2020,15:11:33,1.65,1.5,2600,1.7,3900,0,182000
LICHSGFIN30Jan20480CE.NFO,07/01/2020,15:12:23,1.65,1.5,2600,1.6,1300,0,182000
LICHSGFIN30Jan20480CE.NFO,07/01/2020,15:12:28,1.65,1.5,2600,1.65,1300,0,182000
LICHSGFIN30Jan20480CE.NFO,07/01/2020,15:17:38,1.65,1.5,2600,1.7,2600,1300,183300
LICHSGFIN30Jan20480CE.NFO,07/01/2020,15:17:44,1.65,1.5,2600,1.7,2600,0,183300
LICHSGFIN30Jan20480CE.NFO,07/01/2020,15:18:04,1.65,1.5,2600,1.7,1300,0,183300
LICHSGFIN30Jan20480CE.NFO,07/01/2020,15:18:15,1.65,1.5,2600,1.7,2600,0,183300
LICHSGFIN30Jan20480CE.NFO,07/01/2020,15:18:46,1.65,1.5,2600,1.7,3900,0,183300
LICHSGFIN30Jan20480CE.NFO,07/01/2020,15:18:52,1.65,1.5,2600,1.7,2600,0,183300
LICHSGFIN30Jan20480CE.NFO,07/01/2020,15:18:59,1.65,1.5,2600,1.7,3900,0,183300
LICHSGFIN30Jan20480CE.NFO,07/01/2020,15:19:24,1.65,1.5,3900,1.7,3900,0,183300
LICHSGFIN30Jan20480CE.NFO,07/01/2020,15:20:11,1.65,1.5,3900,1.7,2600,0,183300
LICHSGFIN30Jan20480CE.NFO,07/01/2020,15:20:20,1.65,1.55,1300,1.65,2600,0,183300
LICHSGFIN30Jan20480CE.NFO,07/01/2020,15:21:13,1.65,1.55,1300,1.65,1300,0,183300
LICHSGFIN30Jan20480CE.NFO,07/01/2020,15:21:21,1.65,1.55,1300,1.65,2600,0,183300
LICHSGFIN30Jan20480CE.NFO,07/01/2020,15:21:36,1.65,1.55,1300,1.7,2600,0,183300
LICHSGFIN30Jan20480CE.NFO,07/01/2020,15:21:42,1.65,1.55,1300,1.7,1300,0,183300
LICHSGFIN30Jan20480CE.NFO,07/01/2020,15:22:35,1.65,1.55,1300,1.7,2600,0,183300
LICHSGFIN30Jan20480CE.NFO,07/01/2020,15:22:41,1.65,1.5,2600,1.65,1300,0,183300
LICHSGFIN30Jan20480CE.NFO,07/01/2020,15:22:47,1.65,1.5,2600,1.6,1300,0,183300
LICHSGFIN30Jan20480CE.NFO,07/01/2020,15:23:20,1.65,1.5,2600,1.6,2600,0,183300
LICHSGFIN30Jan20480CE.NFO,07/01/2020,15:23:33,1.65,1.5,2600,1.6,1300,0,183300
LICHSGFIN30Jan20480CE.NFO,07/01/2020,15:23:59,1.65,1.5,2600,1.65,1300,0,183300
LICHSGFIN30Jan20480CE.NFO,07/01/2020,15:24:11,1.65,1.5,2600,1.65,2600,0,183300
LICHSGFIN30Jan20480CE.NFO,07/01/2020,15:24:17,1.65,1.5,2600,1.65,1300,0,183300
LICHSGFIN30Jan20480CE.NFO,07/01/2020,15:24:23,1.65,1.5,2600,1.65,2600,0,183300
LICHSGFIN30Jan20480CE.NFO,07/01/2020,15:24:34,1.6,1.5,2600,1.65,2600,1300,183300
LICHSGFIN30Jan20480CE.NFO,07/01/2020,15:24:40,1.6,1.5,1300,1.65,3900,0,183300
LICHSGFIN30Jan20480CE.NFO,07/01/2020,15:24:57,1.6,1.5,1300,1.6,2600,0,183300
LICHSGFIN30Jan20480CE.NFO,07/01/2020,15:25:07,1.6,1.5,1300,1.6,1300,0,183300
LICHSGFIN30Jan20480CE.NFO,07/01/2020,15:25:45,1.6,1.5,1300,1.55,1300,0,183300
LICHSGFIN30Jan20480CE.NFO,07/01/2020,15:26:04,1.6,1.45,2600,1.55,2600,0,183300
LICHSGFIN30Jan20480CE.NFO,07/01/2020,15:26:15,1.6,1.5,2600,1.55,2600,0,183300
LICHSGFIN30Jan20480CE.NFO,07/01/2020,15:26:21,1.6,1.5,2600,1.55,1300,0,183300
LICHSGFIN30Jan20480CE.NFO,07/01/2020,15:26:48,1.6,1.5,1300,1.55,1300,0,183300
LICHSGFIN30Jan20480CE.NFO,07/01/2020,15:28:56,1.5,1.45,1300,1.85,1300,1300,180700
LICHSGFIN30Jan20480CE.NFO,07/01/2020,15:29:01,1.5,1.45,1300,1.85,1300,0,180700
LICHSGFIN30Jan20480CE.NFO,07/01/2020,15:29:36,1.5,1.6,1300,1.85,1300,0,180700
LICHSGFIN30Jan20480CE.NFO,07/01/2020,15:29:58,1.7,1.45,1300,1.85,1300,1300,180700
LICHSGFIN30Jan20480CE.NFO,07/01/2020,15:30:04,1.7,1.45,1300,1.85,1300,0,180700
